{
	"credit": "Made with Blockbench by rozarke",
	"textures": {
		"ladder": "block/ladder/ladder",
		"particle": "block/ladder"
	},
	"elements": [
		{
			"from": [1, 13, 14],
			"to": [15, 15, 15],
			"faces": {
				"north": {"uv": [1, 1, 15, 3], "texture": "#ladder"},
				"east": {"uv": [1, 1, 2, 3], "texture": "#ladder"},
				"south": {"uv": [1, 1, 15, 3], "texture": "#ladder"},
				"west": {"uv": [14, 1, 15, 3], "texture": "#ladder"},
				"up": {"uv": [1, 1, 15, 2], "texture": "#ladder"},
				"down": {"uv": [1, 2, 15, 3], "texture": "#ladder"}
			}
		},
		{
			"from": [1, 9, 14],
			"to": [15, 11, 15],
			"faces": {
				"north": {"uv": [1, 5, 15, 7], "texture": "#ladder"},
				"east": {"uv": [14, 5, 15, 7], "texture": "#ladder"},
				"south": {"uv": [1, 5, 15, 7], "texture": "#ladder"},
				"west": {"uv": [14, 5, 15, 7], "texture": "#ladder"},
				"up": {"uv": [1, 5, 15, 6], "texture": "#ladder"},
				"down": {"uv": [1, 6, 15, 7], "texture": "#ladder"}
			}
		},
		{
			"from": [1, 5, 14],
			"to": [15, 7, 15],
			"faces": {
				"north": {"uv": [1, 9, 15, 11], "texture": "#ladder"},
				"east": {"uv": [14, 9, 15, 11], "texture": "#ladder"},
				"south": {"uv": [1, 9, 15, 11], "texture": "#ladder"},
				"west": {"uv": [1, 9, 2, 11], "texture": "#ladder"},
				"up": {"uv": [1, 9, 15, 10], "texture": "#ladder"},
				"down": {"uv": [1, 10, 15, 11], "texture": "#ladder"}
			}
		},
		{
			"from": [1, 1, 14],
			"to": [15, 3, 15],
			"faces": {
				"north": {"uv": [1, 13, 15, 15], "texture": "#ladder"},
				"east": {"uv": [14, 13, 15, 15], "texture": "#ladder"},
				"south": {"uv": [1, 13, 15, 15], "texture": "#ladder"},
				"west": {"uv": [1, 13, 2, 15], "texture": "#ladder"},
				"up": {"uv": [1, 13, 15, 14], "texture": "#ladder"},
				"down": {"uv": [1, 14, 15, 15], "texture": "#ladder"}
			}
		},
		{
			"from": [12, 0, 15],
			"to": [14, 16, 16],
			"faces": {
				"north": {"uv": [12, 0, 14, 16], "texture": "#ladder"},
				"east": {"uv": [12, 0, 13, 16], "texture": "#ladder"},
				"south": {"uv": [12, 0, 14, 16], "texture": "#ladder"},
				"west": {"uv": [13, 0, 14, 16], "texture": "#ladder"},
				"up": {"uv": [12, 0, 14, 1], "texture": "#ladder"},
				"down": {"uv": [12, 15, 14, 16], "texture": "#ladder"}
			}
		},
		{
			"from": [2, 0, 15],
			"to": [4, 16, 16],
			"faces": {
				"north": {"uv": [12, 0, 14, 16], "texture": "#ladder"},
				"east": {"uv": [12, 0, 13, 16], "texture": "#ladder"},
				"south": {"uv": [12, 0, 14, 16], "texture": "#ladder"},
				"west": {"uv": [12, 0, 13, 16], "texture": "#ladder"},
				"up": {"uv": [12, 0, 14, 1], "texture": "#ladder"},
				"down": {"uv": [12, 15, 14, 16], "texture": "#ladder"}
			}
		}
	],
	"groups": [
		{
			"name": "step",
			"origin": [0, 0, 0],
			"color": 0,
			"nbt": "{}",
			"armAnimationEnabled": false,
			"children": [0, 1, 2, 3]
		},
		{
			"name": "rail",
			"origin": [0, 0, 0],
			"color": 0,
			"nbt": "{}",
			"armAnimationEnabled": false,
			"children": [4, 5]
		}
	]
}