{
	"credit": "Made with Blockbench by rozarke",
	"texture_size": [32, 32],
	"textures": {
		"ladder": "quark:block/ladder/blossom_ladder",
		"particle": "quark:block/blossom_ladder"
	},
	"elements": [
		{
			"from": [12, 0, 15],
			"to": [13, 16, 16],
			"faces": {
				"north": {"uv": [1.5, 8, 2, 16], "texture": "#ladder"},
				"east": {"uv": [1.5, 8, 2, 16], "texture": "#ladder"},
				"south": {"uv": [1.5, 8, 2, 16], "texture": "#ladder"},
				"west": {"uv": [1.5, 8, 2, 16], "texture": "#ladder"},
				"up": {"uv": [1.5, 8, 2, 8.5], "texture": "#ladder"},
				"down": {"uv": [1.5, 15.5, 2, 16], "texture": "#ladder"}
			}
		},
		{
			"from": [3, 0, 15],
			"to": [4, 16, 16],
			"faces": {
				"north": {"uv": [1.5, 8, 2, 16], "texture": "#ladder"},
				"east": {"uv": [1.5, 8, 2, 16], "texture": "#ladder"},
				"south": {"uv": [1.5, 8, 2, 16], "texture": "#ladder"},
				"west": {"uv": [1.5, 8, 2, 16], "texture": "#ladder"},
				"up": {"uv": [1.5, 8, 2, 8.5], "texture": "#ladder"},
				"down": {"uv": [1.5, 15.5, 2, 16], "texture": "#ladder"}
			}
		},
		{
			"from": [2, 1, 14],
			"to": [14, 3, 15],
			"faces": {
				"north": {"uv": [1, 6.5, 7, 7.5], "texture": "#ladder"},
				"east": {"uv": [6.5, 6.5, 7, 7.5], "texture": "#ladder"},
				"south": {"uv": [1, 6.5, 7, 7.5], "texture": "#ladder"},
				"west": {"uv": [1, 6.5, 1.5, 7.5], "texture": "#ladder"},
				"up": {"uv": [1, 6.5, 7, 7], "texture": "#ladder"},
				"down": {"uv": [1, 7, 7, 7.5], "texture": "#ladder"}
			}
		},
		{
			"from": [2, 5, 14],
			"to": [14, 7, 15],
			"faces": {
				"north": {"uv": [1, 4.5, 7, 5.5], "texture": "#ladder"},
				"east": {"uv": [6.5, 4.5, 7, 5.5], "texture": "#ladder"},
				"south": {"uv": [1, 4.5, 7, 5.5], "texture": "#ladder"},
				"west": {"uv": [1, 4.5, 1.5, 5.5], "texture": "#ladder"},
				"up": {"uv": [1, 4.5, 7, 5], "texture": "#ladder"},
				"down": {"uv": [1, 5, 7, 5.5], "texture": "#ladder"}
			}
		},
		{
			"from": [2, 9, 14],
			"to": [14, 11, 15],
			"faces": {
				"north": {"uv": [1, 2.5, 7, 3.5], "texture": "#ladder"},
				"east": {"uv": [6.5, 2.5, 7, 3.5], "texture": "#ladder"},
				"south": {"uv": [1, 2.5, 7, 3.5], "texture": "#ladder"},
				"west": {"uv": [1, 2.5, 1.5, 3.5], "texture": "#ladder"},
				"up": {"uv": [1, 2.5, 7, 3], "texture": "#ladder"},
				"down": {"uv": [1, 3, 7, 3.5], "texture": "#ladder"}
			}
		},
		{
			"from": [2, 13, 14],
			"to": [14, 15, 15],
			"faces": {
				"north": {"uv": [1, 0.5, 7, 1.5], "texture": "#ladder"},
				"east": {"uv": [6.5, 0.5, 7, 1.5], "texture": "#ladder"},
				"south": {"uv": [1, 0.5, 7, 1.5], "texture": "#ladder"},
				"west": {"uv": [1, 0.5, 1.5, 1.5], "texture": "#ladder"},
				"up": {"uv": [1, 0.5, 7, 1], "texture": "#ladder"},
				"down": {"uv": [1, 1, 7, 1.5], "texture": "#ladder"}
			}
		}
	],
	"groups": [
		{
			"name": "rail",
			"origin": [0, 0, 0],
			"color": 0,
			"nbt": "{}",
			"armAnimationEnabled": false,
			"children": [0, 1]
		},
		2,
		3,
		4,
		5
	]
}