{
	"credit": "Made with Blockbench by rozarke",
	"texture_size": [32, 32],
	"textures": {
		"ladder": "quark:block/ladder/jungle_ladder",
		"particle": "quark:block/jungle_ladder"
	},
	"elements": [
		{
			"from": [1, 0, 15],
			"to": [3, 16, 16],
			"faces": {
				"north": {"uv": [6.5, 8, 7.5, 16], "texture": "#ladder"},
				"east": {"uv": [6.5, 8, 7, 16], "texture": "#ladder"},
				"south": {"uv": [6.5, 8, 7.5, 16], "texture": "#ladder"},
				"west": {"uv": [7, 8, 7.5, 16], "texture": "#ladder"},
				"up": {"uv": [6.5, 8, 7.5, 8.5], "texture": "#ladder"},
				"down": {"uv": [7.5, 15.5, 6.5, 16], "texture": "#ladder"}
			}
		},
		{
			"from": [13, 0, 15],
			"to": [15, 16, 16],
			"faces": {
				"north": {"uv": [0.5, 8, 1.5, 16], "texture": "#ladder"},
				"east": {"uv": [1, 8, 1.5, 16], "texture": "#ladder"},
				"south": {"uv": [0.5, 8, 1.5, 16], "texture": "#ladder"},
				"west": {"uv": [0.5, 8, 1, 16], "texture": "#ladder"},
				"up": {"uv": [0.5, 7.5, 1.5, 8], "texture": "#ladder"},
				"down": {"uv": [1.5, 15.5, 0.5, 16], "texture": "#ladder"}
			}
		},
		{
			"from": [0, 13, 14],
			"to": [16, 16, 15],
			"faces": {
				"north": {"uv": [0, 0, 8, 1.5], "texture": "#ladder"},
				"east": {"uv": [0, 0, 0.5, 1.5], "texture": "#ladder"},
				"south": {"uv": [0, 0, 7, 1.5], "texture": "#ladder"},
				"west": {"uv": [0, 0, 0.5, 1.5], "texture": "#ladder"},
				"up": {"uv": [0, 0, 7, 0.5], "texture": "#ladder"},
				"down": {"uv": [0, 0, 7, 0.5], "texture": "#ladder"}
			}
		},
		{
			"from": [9, 7, 14],
			"to": [16, 10, 15],
			"rotation": {"angle": 0, "axis": "z", "origin": [13, 8.5, 15]},
			"faces": {
				"north": {"uv": [0, 3, 3.5, 4.5], "texture": "#ladder"},
				"east": {"uv": [0, 3, 0.5, 4.5], "texture": "#ladder"},
				"south": {"uv": [0, 3, 3.5, 4.5], "texture": "#ladder"},
				"west": {"uv": [3.5, 1.5, 4, 3], "texture": "#ladder"},
				"up": {"uv": [0, 3, 3.5, 3.5], "texture": "#ladder"},
				"down": {"uv": [0, 4, 3.5, 4.5], "texture": "#ladder"}
			}
		},
		{
			"from": [0, 8, 14],
			"to": [9, 11, 15],
			"rotation": {"angle": 0, "axis": "z", "origin": [13, 8.5, 15]},
			"faces": {
				"north": {"uv": [3.5, 2.5, 8, 4], "texture": "#ladder"},
				"east": {"uv": [4.5, 3.5, 5, 5], "texture": "#ladder"},
				"south": {"uv": [3.5, 2.5, 8, 4], "texture": "#ladder"},
				"west": {"uv": [3.5, 2.5, 4, 4], "texture": "#ladder"},
				"up": {"uv": [3.5, 2.5, 8, 3], "texture": "#ladder"},
				"down": {"uv": [3.5, 3.5, 8, 4], "texture": "#ladder"}
			}
		},
		{
			"from": [6, 2, 14],
			"to": [16, 5, 15],
			"rotation": {"angle": 0, "axis": "z", "origin": [13, 3.5, 15]},
			"faces": {
				"north": {"uv": [0, 5.5, 5, 7], "texture": "#ladder"},
				"east": {"uv": [0, 5.5, 0.5, 7], "texture": "#ladder"},
				"south": {"uv": [0, 5.5, 5, 7], "texture": "#ladder"},
				"west": {"uv": [3, 6.5, 3.5, 8], "texture": "#ladder"},
				"up": {"uv": [0, 5.5, 5, 6], "texture": "#ladder"},
				"down": {"uv": [0, 6.5, 5, 7], "texture": "#ladder"}
			}
		},
		{
			"from": [0, 1, 14],
			"to": [6, 4, 15],
			"rotation": {"angle": 0, "axis": "z", "origin": [13, 3.5, 15]},
			"faces": {
				"north": {"uv": [5, 6, 8, 7.5], "texture": "#ladder"},
				"east": {"uv": [5, 5, 5.5, 6.5], "texture": "#ladder"},
				"south": {"uv": [5, 6, 8, 7.5], "texture": "#ladder"},
				"west": {"uv": [7, 6, 7.5, 7.5], "texture": "#ladder"},
				"up": {"uv": [5, 6, 8, 6.5], "texture": "#ladder"},
				"down": {"uv": [5, 7, 8, 7.5], "texture": "#ladder"}
			}
		}
	],
	"groups": [
		{
			"name": "rail",
			"origin": [0, 0, 0],
			"color": 0,
			"nbt": "{}",
			"armAnimationEnabled": false,
			"children": [0, 1]
		},
		{
			"name": "step",
			"origin": [0, 0, 0],
			"color": 0,
			"nbt": "{}",
			"armAnimationEnabled": false,
			"children": [
				2,
				{
					"name": "step rotation",
					"origin": [13, 3.5, 15],
					"color": 0,
					"nbt": "{}",
					"armAnimationEnabled": false,
					"children": [3, 4, 5, 6]
				}
			]
		}
	]
}