{
  "type": "create:mixing",
  "heatRequirement": "heated",
  "ingredients": [
    {
      "item": "minecraft:apple"
    },
    {
      "item": "minecraft:gold_block"
    },
    {
      "item": "minecraft:gold_block"
    },
    {
      "item": "minecraft:gold_block"
    },
    {
      "item": "minecraft:gold_block"
    },
    {
      "item": "minecraft:gold_block"
    },
    {
      "item": "minecraft:gold_block"
    },
    {
      "item": "minecraft:gold_block"
    },
    {
      "item": "minecraft:gold_block"
    },
    {
      "item": "create:experience_block"
    }
  ],
  "results": [
    {
      "item": "minecraft:enchanted_golden_apple"
    }
  ]
}