{
  "Version": 1,
  "attributemap": {
    "single/head":{
      "single/tetranichematerials_javelin_head":{
        "config": {
          "attributes": {
            "parent": "bettercombat:spear"
          }
        }
      },
      "single/tetranichematerials_long_spear_head":{
        "config": {
          "attributes": {
            "parent": "bettercombat:spear"
          }
        }
      },
      "single/tetranichematerials_glaive_head":{
        "config": {
          "attributes": {
            "parent": "bettercombat:halberd"
          }
        }
      }
    },
    "sword/blade":{
      "sword/tetranichematerials_khopesh":{
        "config": {
          "attributes": {
            "parent": "bettercombat:sword"
          }
        }
      },
      "sword/tetranichematerials_scimitar":{
        "config": {
          "attributes": {
            "parent": "bettercombat:cutlass"
          }
        }
      }
    }
  }
}