{
  "multipart": [
    {
      "apply": [
        {
          "model": "minecraft:block/soul_fire_floor0"
        }
      ]
    },
    {
      "apply": [
        {
          "model": "minecraft:block/soul_fire_side0"
        }
      ]
    },
    {
      "apply": [
        {
          "model": "minecraft:block/soul_fire_side0",
          "y": 90
        }
      ]
    },
    {
      "apply": [
        {
          "model": "minecraft:block/soul_fire_side0",
          "y": 180
        }
      ]
    },
    {
      "apply": [
        {
          "model": "minecraft:block/soul_fire_side0",
          "y": 270
        }
      ]
    }
  ]
}