{
	"credit": "Made with Blockbench",
	"textures": {
		"particle": "immersive_weathering:block/icicle_up_tip_merge",
		"cross": "immersive_weathering:block/icicle_up_tip_merge"
	},
	"elements": [
		{
			"from": [0.8, 0, 8],
			"to": [15.2, 16, 8],
			"shade": false,
			"rotation": {"angle": 45, "axis": "y", "origin": [8, 8, 8], "rescale": true},
			"faces": {
				"north": {"uv": [0, 0, 16, 16], "texture": "#cross"},
				"south": {"uv": [0, 0, 16, 16], "texture": "#cross"}
			}
		},
		{
			"from": [8, 0, 0.8],
			"to": [8, 16, 15.2],
			"shade": false,
			"rotation": {"angle": 45, "axis": "y", "origin": [8, 8, 8], "rescale": true},
			"faces": {
				"east": {"uv": [0, 0, 16, 16], "texture": "#cross"},
				"west": {"uv": [0, 0, 16, 16], "texture": "#cross"}
			}
		},
		{
			"from": [7, 0, 7],
			"to": [9, 16, 9],
			"shade": false,
			"faces": {
				"north": {"uv": [7, 0, 9, 16], "texture": "#cross"},
				"east": {"uv": [7, 0, 9, 16], "texture": "#cross"},
				"south": {"uv": [7, 0, 9, 16], "texture": "#cross"},
				"west": {"uv": [7, 0, 9, 16], "texture": "#cross"},
				"up": {"uv": [5, 6, 7, 8], "texture": "#cross"},
				"down": {"uv": [7, 11, 9, 13], "texture": "#cross"}
			}
		}
	]
}