{
	"credit": "Made with Blockbench",
	"ambientocclusion": false,
	"render_type": "minecraft:cutout",
	"texture_size": [32, 16],
	"textures": {
		"2": "nethersdelight:block/warped_fungus_colony",
		"particle": "nethersdelight:block/warped_fungus_colony"
	},
	"elements": [
		{
			"from": [5, 1, 9],
			"to": [7, 5, 11],
			"faces": {
				"north": {"uv": [0, 5, 1, 9], "texture": "#2"},
				"east": {"uv": [0, 6, 1, 10], "texture": "#2"},
				"south": {"uv": [0, 6, 1, 10], "texture": "#2"},
				"west": {"uv": [0, 5, 1, 9], "texture": "#2"},
				"up": {"uv": [0, 0, 1, 2], "texture": "#2"},
				"down": {"uv": [0, 0, 1, 2], "texture": "#2"}
			}
		},
		{
			"from": [4, 5, 10],
			"to": [6, 10, 12],
			"faces": {
				"north": {"uv": [0, 2, 1, 7], "texture": "#2"},
				"east": {"uv": [0, 0, 1, 5], "texture": "#2"},
				"south": {"uv": [0, 0, 1, 5], "texture": "#2"},
				"west": {"uv": [0, 0, 1, 5], "texture": "#2"},
				"up": {"uv": [0, 0, 1, 2], "texture": "#2"},
				"down": {"uv": [0, 0, 1, 2], "texture": "#2"}
			}
		},
		{
			"from": [1, 10, 7],
			"to": [9, 12, 15],
			"faces": {
				"north": {"uv": [1, 8, 5, 10], "texture": "#2"},
				"east": {"uv": [1, 8, 5, 10], "texture": "#2"},
				"south": {"uv": [5, 8, 9, 10], "texture": "#2"},
				"west": {"uv": [5, 8, 9, 10], "texture": "#2"},
				"up": {"uv": [1, 0, 5, 8], "rotation": 90, "texture": "#2"},
				"down": {"uv": [5, 0, 9, 8], "texture": "#2"}
			}
		},
		{
			"from": [6, 7, 2],
			"to": [14, 9, 10],
			"faces": {
				"north": {"uv": [1, 8, 5, 10], "texture": "#2"},
				"east": {"uv": [1, 8, 5, 10], "texture": "#2"},
				"south": {"uv": [5, 8, 9, 10], "texture": "#2"},
				"west": {"uv": [5, 8, 9, 10], "texture": "#2"},
				"up": {"uv": [1, 0, 5, 8], "rotation": 270, "texture": "#2"},
				"down": {"uv": [5, 0, 9, 8], "texture": "#2"}
			}
		},
		{
			"from": [5, 0, 5],
			"to": [11, 1, 11],
			"faces": {
				"north": {"uv": [2.5, 10, 4.5, 11], "texture": "#2"},
				"east": {"uv": [2.5, 10, 4.5, 11], "texture": "#2"},
				"south": {"uv": [3, 10, 5, 11], "texture": "#2"},
				"west": {"uv": [2, 10, 4, 11], "texture": "#2"},
				"up": {"uv": [2.5, 10, 4.5, 14], "texture": "#2"},
				"down": {"uv": [2.5, 10, 4.5, 14], "texture": "#2"}
			}
		},
		{
			"from": [9, 1, 5],
			"to": [11, 7, 7],
			"faces": {
				"north": {"uv": [0, 2, 1, 7], "texture": "#2"},
				"east": {"uv": [0, 4, 1, 9], "texture": "#2"},
				"south": {"uv": [0, 5, 1, 10], "texture": "#2"},
				"west": {"uv": [0, 5, 1, 10], "texture": "#2"},
				"up": {"uv": [0, 0, 0.5, 1], "texture": "#2"},
				"down": {"uv": [0, 0, 0.5, 1], "texture": "#2"}
			}
		},
		{
			"from": [10, 1, 10],
			"to": [11, 4, 11],
			"faces": {
				"north": {"uv": [0, 7, 0.5, 10], "texture": "#2"},
				"east": {"uv": [0, 7, 0.5, 10], "texture": "#2"},
				"south": {"uv": [0, 7, 0.5, 10], "texture": "#2"},
				"west": {"uv": [0, 7, 0.5, 10], "texture": "#2"},
				"up": {"uv": [0, 0, 0.5, 1], "texture": "#2"},
				"down": {"uv": [0, 0, 0.5, 1], "texture": "#2"}
			}
		},
		{
			"from": [6, 1, 6],
			"to": [7, 3, 7],
			"faces": {
				"north": {"uv": [0.5, 7, 1, 9], "texture": "#2"},
				"east": {"uv": [0, 8, 0.5, 10], "texture": "#2"},
				"south": {"uv": [0, 8, 0.5, 10], "texture": "#2"},
				"west": {"uv": [0.5, 6, 1, 8], "texture": "#2"},
				"up": {"uv": [0, 0, 0.5, 1], "texture": "#2"},
				"down": {"uv": [0, 0, 0.5, 1], "texture": "#2"}
			}
		},
		{
			"from": [5, 3, 5],
			"to": [8, 4, 8],
			"faces": {
				"north": {"uv": [2, 9, 3.5, 10], "texture": "#2"},
				"east": {"uv": [1.5, 9, 3, 10], "texture": "#2"},
				"south": {"uv": [7.5, 7, 9, 8], "texture": "#2"},
				"west": {"uv": [7, 7, 8.5, 8], "texture": "#2"},
				"up": {"uv": [2.5, 4, 4, 7], "texture": "#2"},
				"down": {"uv": [5.5, 11, 7, 14], "texture": "#2"}
			}
		},
		{
			"from": [8, 4, 8],
			"to": [13, 5, 13],
			"faces": {
				"north": {"uv": [1.5, 9, 4, 10], "texture": "#2"},
				"east": {"uv": [1.5, 9, 4, 10], "texture": "#2"},
				"south": {"uv": [6.5, 9, 9, 10], "texture": "#2"},
				"west": {"uv": [5, 9, 7.5, 10], "texture": "#2"},
				"up": {"uv": [2, 3, 4.5, 8], "rotation": 180, "texture": "#2"},
				"down": {"uv": [5, 10, 7.5, 15], "texture": "#2"}
			}
		}
	]
}