{
  "type": "create:compacting",
  "heatRequirement": "superheated",
  "ingredients": [
	  {
		"item": "minecraft:coal_block"
	  },
	  {
		"item": "minecraft:coal_block"
	  },
	  {
		"item": "minecraft:coal_block"
	  },
	  {
		"item": "minecraft:coal_block"
	  },
	  {
		"item": "minecraft:coal_block"
	  },
	  {
		"item": "minecraft:coal_block"
	  },
	  {
		"item": "minecraft:coal_block"
	  },
	  {
		"item": "minecraft:coal_block"
	  },
	  {
		"item": "minecraft:coal_block"
	  },
	  {
		"item": "minecraft:coal_block"
	  },
	  {
		"item": "minecraft:coal_block"
	  },
	  {
		"item": "minecraft:coal_block"
	  },
	  {
		"item": "minecraft:coal_block"
	  },
	  {
		"item": "minecraft:coal_block"
	  },
	  {
		"item": "minecraft:coal_block"
	  },
	  {
		"item": "minecraft:coal_block"
	  }
  ],
  "results":  [
    {
      "chance": 0.33,
      "item": "minecraft:diamond"
    }]
}