{
  "type": "create:compacting",
  "heatRequirement": "superheated",
  "ingredients": [
	  {
		"item": "create:cinder_flour"
	  },
	  {
		"item": "create:cinder_flour"
	  },
	  {
		"item": "create:cinder_flour"
	  },
	  {
		"item": "create:cinder_flour"
	  },
	  {
		"item": "create:cinder_flour"
	  },
	  {
		"item": "create:cinder_flour"
	  },
	  {
		"item": "create:cinder_flour"
	  },
	  {
		"item": "create:cinder_flour"
	  },
	  {
		"item": "create:powdered_obsidian"
	  },
	  {
		"item": "create:powdered_obsidian"
	  },
	  {
		"item": "create:powdered_obsidian"
	  },
	  {
		"item": "create:powdered_obsidian"
	  },
	  {
		"item": "create:powdered_obsidian"
	  },
	  {
		"item": "create:powdered_obsidian"
	  },
	  {
		"item": "create:powdered_obsidian"
	  },
	  {
		"item": "create:powdered_obsidian"
	  },
	  {
		"item": "minecraft:gold_nugget"
	  },
	  {
		"item": "minecraft:gold_nugget"
	  },
	  {
		"item": "minecraft:gold_nugget"
	  },
	  {
		"item": "minecraft:gold_nugget"
	  },
	  {
		"item": "minecraft:gold_nugget"
	  },
	  {
		"item": "minecraft:gold_nugget"
	  },
	  {
		"item": "minecraft:gold_nugget"
	  },
	  {
		"item": "minecraft:gold_nugget"
	  }
  ],
  "results": [{
    "item": "minecraft:netherite_scrap",
    "count": 1,
	"chance": 0.33
  }]
}