{
	"credit": "Made with Blockbench",
	"parent": "minecraft:block/crop",
	"textures": {
		"0": "corn_delight:block/corn_crop_01",
		"particle": "corn_delight:block/corn_crop_01"
	},
	"elements": [
		{
			"from": [7, -1, 7],
			"to": [9, 15, 9],
			"faces": {
				"north": {"uv": [3, 0, 1, 16], "texture": "#0"},
				"east": {"uv": [1, 0, 3, 16], "texture": "#0"},
				"south": {"uv": [1, 0, 3, 16], "texture": "#0"},
				"west": {"uv": [3, 0, 1, 16], "texture": "#0"},
				"up": {"uv": [1, 8, 3, 10], "texture": "#0"},
				"down": {"uv": [1, 14, 3, 16], "texture": "#0"}
			}
		},
		{
			"from": [7, -1, 7],
			"to": [7, 6, 9],
			"rotation": {"angle": 22.5, "axis": "z", "origin": [7, -1, 8]},
			"faces": {
				"north": {"uv": [0, 0, 0, 2], "texture": "#missing"},
				"east": {"uv": [4, 8, 6, 15], "texture": "#0"},
				"south": {"uv": [0, 0, 0, 2], "texture": "#missing"},
				"west": {"uv": [6, 8, 4, 15], "texture": "#0"},
				"up": {"uv": [0, 0, 0, 2], "texture": "#missing"},
				"down": {"uv": [0, 0, 0, 2], "texture": "#missing"}
			}
		},
		{
			"from": [9, 5, 7],
			"to": [9, 10, 9],
			"rotation": {"angle": -22.5, "axis": "z", "origin": [9, 5, 8]},
			"faces": {
				"north": {"uv": [0, 0, 0, 3], "texture": "#missing"},
				"east": {"uv": [6, 8, 4, 13], "texture": "#0"},
				"south": {"uv": [0, 0, 0, 3], "texture": "#missing"},
				"west": {"uv": [4, 8, 6, 13], "texture": "#0"},
				"up": {"uv": [0, 0, 0, 2], "texture": "#missing"},
				"down": {"uv": [0, 0, 0, 2], "texture": "#missing"}
			}
		},
		{
			"from": [7, 10, 9],
			"to": [9, 16, 9],
			"rotation": {"angle": 22.5, "axis": "x", "origin": [8, 10, 9]},
			"faces": {
				"north": {"uv": [4, 6, 6, 12], "texture": "#0"},
				"east": {"uv": [0, 0, 0, 3], "texture": "#missing"},
				"south": {"uv": [6, 6, 4, 12], "texture": "#0"},
				"west": {"uv": [0, 0, 0, 3], "texture": "#missing"},
				"up": {"uv": [0, 0, 2, 0], "texture": "#missing"},
				"down": {"uv": [0, 0, 2, 0], "texture": "#missing"}
			}
		},
		{
			"from": [4.1, 3.5, 7],
			"to": [4.1, 5.5, 9],
			"rotation": {"angle": -22.5, "axis": "z", "origin": [4, 5, 8]},
			"faces": {
				"north": {"uv": [0, 0, 0, 2], "texture": "#missing"},
				"east": {"uv": [6, 8, 4, 6], "texture": "#0"},
				"south": {"uv": [0, 0, 0, 2], "texture": "#missing"},
				"west": {"uv": [4, 8, 6, 6], "texture": "#0"},
				"up": {"uv": [0, 0, 0, 2], "texture": "#missing"},
				"down": {"uv": [0, 0, 0, 2], "texture": "#missing"}
			}
		},
		{
			"from": [10.76, 7.62, 7],
			"to": [10.76, 9.62, 9],
			"rotation": {"angle": 22.5, "axis": "z", "origin": [11, 10, 8]},
			"faces": {
				"north": {"uv": [0, 0, 0, 2], "texture": "#missing"},
				"east": {"uv": [6, 8, 4, 6], "texture": "#0"},
				"south": {"uv": [0, 0, 0, 2], "texture": "#missing"},
				"west": {"uv": [4, 8, 6, 6], "texture": "#0"},
				"up": {"uv": [0, 0, 0, 2], "texture": "#missing"},
				"down": {"uv": [0, 0, 0, 2], "texture": "#missing"}
			}
		},
		{
			"from": [7.9, 5, 7.005],
			"to": [9.89, 8, 8.995],
			"rotation": {"angle": -22.5, "axis": "z", "origin": [9, 7.5, 8]},
			"faces": {
				"north": {"uv": [10, 13, 8, 16], "texture": "#0"},
				"east": {"uv": [8, 13, 10, 16], "texture": "#0"},
				"south": {"uv": [6, 11, 4, 14], "texture": "#0"},
				"west": {"uv": [4, 11, 6, 14], "texture": "#0"},
				"up": {"uv": [8, 13, 10, 15], "texture": "#0"},
				"down": {"uv": [8, 14, 10, 16], "texture": "#0"}
			}
		}
	]
}