{
	"credit": "Made with Blockbench",
	"parent": "minecraft:block/crop",
	"textures": {
		"0": "corn_delight:block/corn_crop_01",
		"particle": "corn_delight:block/corn_crop_01"
	},
	"elements": [
		{
			"from": [7, -1, 7],
			"to": [9, 9, 9],
			"faces": {
				"north": {"uv": [3, 6, 1, 16], "texture": "#0"},
				"east": {"uv": [1, 4, 3, 14], "texture": "#0"},
				"south": {"uv": [1, 6, 3, 16], "texture": "#0"},
				"west": {"uv": [3, 5, 1, 15], "texture": "#0"},
				"up": {"uv": [1, 8, 3, 10], "texture": "#0"},
				"down": {"uv": [1, 14, 3, 16], "texture": "#0"}
			}
		},
		{
			"from": [7, -1, 7],
			"to": [7, 6, 9],
			"rotation": {"angle": 22.5, "axis": "z", "origin": [7, -1, 8]},
			"faces": {
				"north": {"uv": [0, 0, 0, 2], "texture": "#missing"},
				"east": {"uv": [4, 6, 6, 13], "texture": "#0"},
				"south": {"uv": [0, 0, 0, 2], "texture": "#missing"},
				"west": {"uv": [6, 6, 4, 13], "texture": "#0"},
				"up": {"uv": [0, 0, 0, 2], "texture": "#missing"},
				"down": {"uv": [0, 0, 0, 2], "texture": "#missing"}
			}
		},
		{
			"from": [9, 2, 7],
			"to": [9, 7, 9],
			"rotation": {"angle": -22.5, "axis": "z", "origin": [9, 2.5, 8]},
			"faces": {
				"north": {"uv": [0, 0, 0, 3], "texture": "#missing"},
				"east": {"uv": [6, 6, 4, 11], "texture": "#0"},
				"south": {"uv": [0, 0, 0, 3], "texture": "#missing"},
				"west": {"uv": [4, 6, 6, 11], "texture": "#0"},
				"up": {"uv": [0, 0, 0, 2], "texture": "#missing"},
				"down": {"uv": [0, 0, 0, 2], "texture": "#missing"}
			}
		},
		{
			"from": [7, 7, 9],
			"to": [9, 10, 9],
			"rotation": {"angle": 22.5, "axis": "x", "origin": [8, 7, 9]},
			"faces": {
				"north": {"uv": [4, 6, 6, 9], "texture": "#0"},
				"east": {"uv": [0, 0, 0, 3], "texture": "#missing"},
				"south": {"uv": [6, 6, 4, 9], "texture": "#0"},
				"west": {"uv": [0, 0, 0, 3], "texture": "#missing"},
				"up": {"uv": [0, 0, 2, 0], "texture": "#missing"},
				"down": {"uv": [0, 0, 2, 0], "texture": "#missing"}
			}
		}
	]
}