{
	"credit": "Made with Blockbench",
	"parent": "minecraft:block/crop",
	"textures": {
		"0": "corn_delight:block/corn_crop_01",
		"particle": "corn_delight:block/corn_crop_01"
	},
	"elements": [
		{
			"from": [7, -1, 7],
			"to": [9, 5, 9],
			"faces": {
				"north": {"uv": [3, 10, 1, 16], "texture": "#0"},
				"east": {"uv": [1, 8, 3, 14], "texture": "#0"},
				"south": {"uv": [1, 10, 3, 16], "texture": "#0"},
				"west": {"uv": [3, 9, 1, 15], "texture": "#0"},
				"up": {"uv": [1, 8, 3, 10], "texture": "#0"},
				"down": {"uv": [1, 14, 3, 16], "texture": "#0"}
			}
		},
		{
			"from": [7, -1, 7],
			"to": [7, 3, 9],
			"rotation": {"angle": 22.5, "axis": "z", "origin": [7, -1, 8]},
			"faces": {
				"north": {"uv": [0, 0, 0, 2], "texture": "#missing"},
				"east": {"uv": [4, 6, 6, 10], "texture": "#0"},
				"south": {"uv": [0, 0, 0, 2], "texture": "#missing"},
				"west": {"uv": [6, 6, 4, 10], "texture": "#0"},
				"up": {"uv": [0, 0, 0, 2], "texture": "#missing"},
				"down": {"uv": [0, 0, 0, 2], "texture": "#missing"}
			}
		},
		{
			"from": [9, 2, 7],
			"to": [9, 5, 9],
			"rotation": {"angle": -22.5, "axis": "z", "origin": [9, 2.5, 8]},
			"faces": {
				"north": {"uv": [0, 0, 0, 3], "texture": "#missing"},
				"east": {"uv": [6, 6, 4, 9], "texture": "#0"},
				"south": {"uv": [0, 0, 0, 3], "texture": "#missing"},
				"west": {"uv": [4, 6, 6, 9], "texture": "#0"},
				"up": {"uv": [0, 0, 0, 2], "texture": "#missing"},
				"down": {"uv": [0, 0, 0, 2], "texture": "#missing"}
			}
		}
	]
}