{
	"credit": "Made with Blockbench",
	"parent": "minecraft:block/crop",
	"textures": {
		"0": "corn_delight:block/corn_crop_01",
		"particle": "corn_delight:block/corn_crop_01"
	},
	"elements": [
		{
			"from": [7, -1, 7],
			"to": [9, 9, 9],
			"faces": {
				"north": {"uv": [1, 0, 3, 10], "texture": "#0"},
				"east": {"uv": [1, 10, 3, 0], "texture": "#0"},
				"south": {"uv": [1, 3, 3, 13], "texture": "#0"},
				"west": {"uv": [1, 2, 3, 12], "texture": "#0"},
				"up": {"uv": [1, 9, 3, 11], "texture": "#0"},
				"down": {"uv": [1, 14, 3, 16], "texture": "#0"}
			}
		},
		{
			"from": [7, -1, 7],
			"to": [7, 6, 9],
			"rotation": {"angle": 22.5, "axis": "z", "origin": [7, -1, 8]},
			"faces": {
				"north": {"uv": [0, 0, 0, 2], "texture": "#missing"},
				"east": {"uv": [4, 6, 6, 13], "texture": "#0"},
				"south": {"uv": [0, 0, 0, 2], "texture": "#missing"},
				"west": {"uv": [6, 6, 4, 13], "texture": "#0"},
				"up": {"uv": [0, 0, 0, 2], "texture": "#missing"},
				"down": {"uv": [0, 0, 0, 2], "texture": "#missing"}
			}
		},
		{
			"from": [9, -3, 7],
			"to": [9, 5, 9],
			"rotation": {"angle": -22.5, "axis": "z", "origin": [9, -3, 8]},
			"faces": {
				"north": {"uv": [0, 0, 0, 3], "texture": "#missing"},
				"east": {"uv": [6, 6, 4, 14], "texture": "#0"},
				"south": {"uv": [0, 0, 0, 3], "texture": "#missing"},
				"west": {"uv": [4, 6, 6, 14], "texture": "#0"},
				"up": {"uv": [0, 0, 0, 2], "texture": "#missing"},
				"down": {"uv": [0, 0, 0, 2], "texture": "#missing"}
			}
		},
		{
			"from": [6, 9, 8],
			"to": [10, 15, 8],
			"faces": {
				"north": {"uv": [11, 7, 15, 13], "texture": "#0"},
				"east": {"uv": [0, 0, 0, 2], "texture": "#0"},
				"south": {"uv": [15, 7, 11, 13], "texture": "#0"},
				"west": {"uv": [0, 0, 0, 2], "texture": "#0"},
				"up": {"uv": [0, 0, 2, 0], "texture": "#missing"},
				"down": {"uv": [0, 0, 2, 0], "texture": "#missing"}
			}
		},
		{
			"from": [8, 9, 7],
			"to": [8, 15, 10],
			"faces": {
				"north": {"uv": [0, 0, 0, 2], "texture": "#missing"},
				"east": {"uv": [15, 7, 12, 13], "texture": "#0"},
				"south": {"uv": [0, 0, 0, 2], "texture": "#missing"},
				"west": {"uv": [12, 7, 15, 13], "texture": "#0"},
				"up": {"uv": [0, 0, 0, 2], "texture": "#missing"},
				"down": {"uv": [0, 0, 0, 2], "texture": "#missing"}
			}
		},
		{
			"from": [7, -3.2, 7.001],
			"to": [8.99, 0.8, 8.991],
			"rotation": {"angle": -22.5, "axis": "z", "origin": [10, -3, 8]},
			"faces": {
				"north": {"uv": [12, 12, 13.99, 16], "texture": "#0"},
				"east": {"uv": [8, 12, 9.99, 16], "texture": "#0"},
				"south": {"uv": [8, 12, 9.99, 16], "texture": "#0"},
				"west": {"uv": [8, 12, 9.99, 16], "texture": "#0"},
				"up": {"uv": [8, 11.99, 9.99, 10], "texture": "#0"},
				"down": {"uv": [1, 2, 2.99, 3.99], "texture": "#0"}
			}
		}
	]
}