{
	"credit": "Made with Blockbench",
	"ambientocclusion": false,
	"textures": {
		"1": "farmersdelight:block/cabbages_stage6",
		"particle": "farmersdelight:block/cabbages_stage6"
	},
	"elements": [
		{
			"from": [5, 2, 5],
			"to": [11, 6, 11],
			"rotation": {"angle": 0, "axis": "y", "origin": [0, 4, 0]},
			"shade": false,
			"faces": {
				"north": {"uv": [5, 3, 11, 6], "texture": "#1"},
				"east": {"uv": [5, 3, 11, 6], "texture": "#1"},
				"south": {"uv": [5, 3, 11, 6], "texture": "#1"},
				"west": {"uv": [5, 3, 11, 6], "texture": "#1"},
				"up": {"uv": [5, 0, 11, 6], "texture": "#1"},
				"down": {"uv": [5, 0, 11, 6], "texture": "#1"}
			}
		},
		{
			"from": [2, -1, 16],
			"to": [14, 7, 16],
			"rotation": {"angle": 45, "axis": "y", "origin": [0, 0, 16], "rescale": true},
			"shade": false,
			"faces": {
				"north": {"uv": [16, 8, 0, 16], "texture": "#1"},
				"east": {"uv": [0, 0, 0, 8], "texture": "#1"},
				"south": {"uv": [16, 8, 0, 16], "texture": "#1"},
				"west": {"uv": [0, 0, 0, 8], "texture": "#1"},
				"up": {"uv": [0, 0, 16, 0], "texture": "#1"},
				"down": {"uv": [0, 0, 16, 0], "texture": "#1"}
			}
		},
		{
			"from": [2, -1, 0],
			"to": [14, 7, 0],
			"rotation": {"angle": -45, "axis": "y", "origin": [0, 0, 0], "rescale": true},
			"shade": false,
			"faces": {
				"north": {"uv": [0, 8, 16, 16], "texture": "#1"},
				"east": {"uv": [0, 0, 0, 8], "texture": "#1"},
				"south": {"uv": [0, 8, 16, 16], "texture": "#1"},
				"west": {"uv": [0, 0, 0, 8], "texture": "#1"},
				"up": {"uv": [0, 0, 16, 0], "texture": "#1"},
				"down": {"uv": [0, 0, 16, 0], "texture": "#1"}
			}
		}
	]
}