{
	"credit": "Made with Blockbench",
	"ambientocclusion": false,
	"textures": {
		"2": "farmersdelight:block/cabbages_stage2",
		"particle": "farmersdelight:block/cabbages_stage2"
	},
	"elements": [
		{
			"from": [7, 0, 7],
			"to": [9, 2, 9],
			"rotation": {"angle": 0, "axis": "y", "origin": [0, 4, 0]},
			"shade": false,
			"faces": {
				"north": {"uv": [5, 1, 7, 2], "texture": "#2"},
				"east": {"uv": [5, 1, 7, 2], "texture": "#2"},
				"south": {"uv": [5, 1, 7, 2], "texture": "#2"},
				"west": {"uv": [5, 1, 7, 2], "texture": "#2"},
				"up": {"uv": [5, 0, 7, 2], "texture": "#2"},
				"down": {"uv": [5, 0, 7, 2], "texture": "#2"}
			}
		},
		{
			"from": [2, -1, 16],
			"to": [14, 7, 16],
			"rotation": {"angle": 45, "axis": "y", "origin": [0, 0, 16], "rescale": true},
			"shade": false,
			"faces": {
				"north": {"uv": [16, 8, 0, 16], "texture": "#2"},
				"east": {"uv": [0, 0, 0, 8], "texture": "#2"},
				"south": {"uv": [16, 8, 0, 16], "texture": "#2"},
				"west": {"uv": [0, 0, 0, 8], "texture": "#2"},
				"up": {"uv": [0, 0, 16, 0], "texture": "#2"},
				"down": {"uv": [0, 0, 16, 0], "texture": "#2"}
			}
		},
		{
			"from": [2, -1, 0],
			"to": [14, 7, 0],
			"rotation": {"angle": -45, "axis": "y", "origin": [0, 0, 0], "rescale": true},
			"shade": false,
			"faces": {
				"north": {"uv": [0, 8, 16, 16], "texture": "#2"},
				"east": {"uv": [0, 0, 0, 8], "texture": "#2"},
				"south": {"uv": [0, 8, 16, 16], "texture": "#2"},
				"west": {"uv": [0, 0, 0, 8], "texture": "#2"},
				"up": {"uv": [0, 0, 16, 0], "texture": "#2"},
				"down": {"uv": [0, 0, 16, 0], "texture": "#2"}
			}
		}
	]
}