{
	"credit": "Made with Blockbench",
	"ambientocclusion": false,
	"textures": {
		"2": "farmersdelight:block/onions_stage3",
		"particle": "farmersdelight:block/onions_stage3"
	},
	"elements": [
		{
			"from": [10, -1, 10],
			"to": [14, 1, 14],
			"faces": {
				"north": {"uv": [1, 5, 5, 7], "texture": "#2"},
				"east": {"uv": [1, 5, 5, 7], "texture": "#2"},
				"south": {"uv": [1, 5, 5, 7], "texture": "#2"},
				"west": {"uv": [1, 5, 5, 7], "texture": "#2"},
				"up": {"uv": [1, 2, 5, 6], "texture": "#2"},
				"down": {"uv": [1, 2, 5, 6], "texture": "#2"}
			}
		},
		{
			"from": [0, 1, 15],
			"to": [0, 15, 19],
			"rotation": {"angle": 45, "axis": "y", "origin": [0, 0, 0]},
			"shade": false,
			"faces": {
				"north": {"uv": [0, 0, 4, 1], "texture": "#2"},
				"east": {"uv": [12, 0, 16, 14], "texture": "#2"},
				"south": {"uv": [3, 15, 7, 16], "texture": "#2"},
				"west": {"uv": [12, 0, 16, 14], "texture": "#2"},
				"up": {"uv": [2, 15, 3, 16], "texture": "#2"},
				"down": {"uv": [0, 0, 4, 4], "texture": "#2"}
			}
		},
		{
			"from": [-3, 1, 17],
			"to": [3, 15, 17],
			"rotation": {"angle": 45, "axis": "y", "origin": [0, 0, 0]},
			"shade": false,
			"faces": {
				"north": {"uv": [6, 0, 12, 14], "texture": "#2"},
				"east": {"uv": [3, 15, 7, 16], "texture": "#2"},
				"south": {"uv": [6, 0, 12, 14], "texture": "#2"},
				"west": {"uv": [0, 0, 4, 1], "texture": "#2"},
				"up": {"uv": [2, 15, 3, 16], "rotation": 270, "texture": "#2"},
				"down": {"uv": [0, 0, 4, 4], "rotation": 90, "texture": "#2"}
			}
		},
		{
			"from": [9, -1, 3],
			"to": [13, 1, 7],
			"rotation": {"angle": 0, "axis": "y", "origin": [-1, 0, -7]},
			"shade": false,
			"faces": {
				"north": {"uv": [1, 5, 5, 7], "texture": "#2"},
				"east": {"uv": [1, 5, 5, 7], "texture": "#2"},
				"south": {"uv": [1, 5, 5, 7], "texture": "#2"},
				"west": {"uv": [1, 5, 5, 7], "texture": "#2"},
				"up": {"uv": [1, 2, 5, 6], "texture": "#2"},
				"down": {"uv": [1, 2, 5, 6], "texture": "#2"}
			}
		},
		{
			"from": [-1, 1, 8],
			"to": [-1, 15, 12],
			"rotation": {"angle": 45, "axis": "y", "origin": [-1, 0, -7]},
			"shade": false,
			"faces": {
				"north": {"uv": [0, 0, 4, 1], "texture": "#2"},
				"east": {"uv": [12, 0, 16, 14], "texture": "#2"},
				"south": {"uv": [3, 15, 7, 16], "texture": "#2"},
				"west": {"uv": [12, 0, 16, 14], "texture": "#2"},
				"up": {"uv": [2, 15, 3, 16], "texture": "#2"},
				"down": {"uv": [0, 0, 4, 4], "texture": "#2"}
			}
		},
		{
			"from": [-4, 1, 10],
			"to": [2, 15, 10],
			"rotation": {"angle": 45, "axis": "y", "origin": [-1, 0, -7]},
			"shade": false,
			"faces": {
				"north": {"uv": [6, 0, 12, 14], "texture": "#2"},
				"east": {"uv": [3, 15, 7, 16], "texture": "#2"},
				"south": {"uv": [6, 0, 12, 14], "texture": "#2"},
				"west": {"uv": [0, 0, 4, 1], "texture": "#2"},
				"up": {"uv": [2, 15, 3, 16], "rotation": 270, "texture": "#2"},
				"down": {"uv": [0, 0, 4, 4], "rotation": 90, "texture": "#2"}
			}
		},
		{
			"from": [3, -1, 11],
			"to": [7, 1, 15],
			"rotation": {"angle": 0, "axis": "y", "origin": [-7, 0, 1]},
			"shade": false,
			"faces": {
				"north": {"uv": [1, 5, 5, 7], "texture": "#2"},
				"east": {"uv": [1, 5, 5, 7], "texture": "#2"},
				"south": {"uv": [1, 5, 5, 7], "texture": "#2"},
				"west": {"uv": [1, 5, 5, 7], "texture": "#2"},
				"up": {"uv": [1, 2, 5, 6], "texture": "#2"},
				"down": {"uv": [1, 2, 5, 6], "texture": "#2"}
			}
		},
		{
			"from": [-7, 1, 16],
			"to": [-7, 15, 20],
			"rotation": {"angle": 45, "axis": "y", "origin": [-7, 0, 1]},
			"shade": false,
			"faces": {
				"north": {"uv": [0, 0, 4, 1], "texture": "#2"},
				"east": {"uv": [12, 0, 16, 14], "texture": "#2"},
				"south": {"uv": [3, 15, 7, 16], "texture": "#2"},
				"west": {"uv": [12, 0, 16, 14], "texture": "#2"},
				"up": {"uv": [2, 15, 3, 16], "texture": "#2"},
				"down": {"uv": [0, 0, 4, 4], "texture": "#2"}
			}
		},
		{
			"from": [-10, 1, 18],
			"to": [-4, 15, 18],
			"rotation": {"angle": 45, "axis": "y", "origin": [-7, 0, 1]},
			"shade": false,
			"faces": {
				"north": {"uv": [6, 0, 12, 14], "texture": "#2"},
				"east": {"uv": [3, 15, 7, 16], "texture": "#2"},
				"south": {"uv": [6, 0, 12, 14], "texture": "#2"},
				"west": {"uv": [0, 0, 4, 1], "texture": "#2"},
				"up": {"uv": [2, 15, 3, 16], "rotation": 270, "texture": "#2"},
				"down": {"uv": [0, 0, 4, 4], "rotation": 90, "texture": "#2"}
			}
		},
		{
			"from": [2, -1, 2],
			"to": [6, 1, 6],
			"rotation": {"angle": 0, "axis": "y", "origin": [-8, 0, -8]},
			"shade": false,
			"faces": {
				"north": {"uv": [1, 5, 5, 7], "texture": "#2"},
				"east": {"uv": [1, 5, 5, 7], "texture": "#2"},
				"south": {"uv": [1, 5, 5, 7], "texture": "#2"},
				"west": {"uv": [1, 5, 5, 7], "texture": "#2"},
				"up": {"uv": [1, 2, 5, 6], "texture": "#2"},
				"down": {"uv": [1, 2, 5, 6], "texture": "#2"}
			}
		},
		{
			"from": [-8, 1, 7],
			"to": [-8, 15, 11],
			"rotation": {"angle": 45, "axis": "y", "origin": [-8, 0, -8]},
			"shade": false,
			"faces": {
				"north": {"uv": [0, 0, 4, 1], "texture": "#2"},
				"east": {"uv": [12, 0, 16, 14], "texture": "#2"},
				"south": {"uv": [3, 15, 7, 16], "texture": "#2"},
				"west": {"uv": [12, 0, 16, 14], "texture": "#2"},
				"up": {"uv": [2, 15, 3, 16], "texture": "#2"},
				"down": {"uv": [0, 0, 4, 4], "texture": "#2"}
			}
		},
		{
			"from": [-11, 1, 9],
			"to": [-5, 15, 9],
			"rotation": {"angle": 45, "axis": "y", "origin": [-8, 0, -8]},
			"shade": false,
			"faces": {
				"north": {"uv": [6, 0, 12, 14], "texture": "#2"},
				"east": {"uv": [3, 15, 7, 16], "texture": "#2"},
				"south": {"uv": [6, 0, 12, 14], "texture": "#2"},
				"west": {"uv": [0, 0, 4, 1], "texture": "#2"},
				"up": {"uv": [2, 15, 3, 16], "rotation": 270, "texture": "#2"},
				"down": {"uv": [0, 0, 4, 4], "rotation": 90, "texture": "#2"}
			}
		}
	],
	"groups": [
		{
			"name": "group",
			"origin": [0, 0, 0],
			"color": 0,
			"children": [0, 1, 2]
		},
		{
			"name": "group",
			"origin": [0, 0, 0],
			"color": 0,
			"children": [3, 4, 5]
		},
		{
			"name": "group",
			"origin": [0, 0, 0],
			"color": 0,
			"children": [6, 7, 8]
		},
		{
			"name": "group",
			"origin": [0, 0, 0],
			"color": 0,
			"children": [9, 10, 11]
		}
	]
}