{
	"credit": "Made with Blockbench",
	"ambientocclusion": false,
	"textures": {
		"1": "farmersdelight:block/onions_stage2",
		"particle": "farmersdelight:block/onions_stage2"
	},
	"elements": [
		{
			"from": [0, -1, 15],
			"to": [0, 13, 19],
			"rotation": {"angle": 45, "axis": "y", "origin": [0, -1, 0]},
			"shade": false,
			"faces": {
				"north": {"uv": [0, 0, 4, 1], "texture": "#1"},
				"east": {"uv": [12, 0, 16, 14], "texture": "#1"},
				"south": {"uv": [3, 15, 7, 16], "texture": "#1"},
				"west": {"uv": [12, 0, 16, 14], "texture": "#1"},
				"up": {"uv": [2, 15, 3, 16], "texture": "#1"},
				"down": {"uv": [0, 0, 4, 4], "texture": "#1"}
			}
		},
		{
			"from": [-3, -1, 17],
			"to": [3, 13, 17],
			"rotation": {"angle": 45, "axis": "y", "origin": [0, -1, 0]},
			"shade": false,
			"faces": {
				"north": {"uv": [5, 0, 11, 14], "texture": "#1"},
				"east": {"uv": [0, 3, 4, 4], "texture": "#1"},
				"south": {"uv": [5, 0, 11, 14], "texture": "#1"},
				"west": {"uv": [0, 0, 4, 1], "texture": "#1"},
				"up": {"uv": [2, 15, 3, 16], "rotation": 270, "texture": "#1"},
				"down": {"uv": [0, 0, 4, 4], "rotation": 90, "texture": "#1"}
			}
		},
		{
			"from": [10.5, -1, 10.5],
			"to": [13.5, 0, 13.5],
			"rotation": {"angle": 0, "axis": "y", "origin": [0, -1, 0]},
			"shade": false,
			"faces": {
				"north": {"uv": [0, 3, 3, 4], "texture": "#1"},
				"east": {"uv": [0, 3, 3, 4], "texture": "#1"},
				"south": {"uv": [0, 3, 3, 4], "texture": "#1"},
				"west": {"uv": [0, 3, 3, 4], "texture": "#1"},
				"up": {"uv": [0, 0, 3, 3], "texture": "#1"},
				"down": {"uv": [0, 0, 3, 3], "texture": "#1"}
			}
		},
		{
			"from": [-8, -1, 7],
			"to": [-8, 13, 11],
			"rotation": {"angle": 45, "axis": "y", "origin": [-8, -1, -8]},
			"shade": false,
			"faces": {
				"north": {"uv": [0, 0, 4, 1], "texture": "#1"},
				"east": {"uv": [12, 0, 16, 14], "texture": "#1"},
				"south": {"uv": [3, 15, 7, 16], "texture": "#1"},
				"west": {"uv": [12, 0, 16, 14], "texture": "#1"},
				"up": {"uv": [2, 15, 3, 16], "texture": "#1"},
				"down": {"uv": [0, 0, 4, 4], "texture": "#1"}
			}
		},
		{
			"from": [-11, -1, 9],
			"to": [-5, 13, 9],
			"rotation": {"angle": 45, "axis": "y", "origin": [-8, -1, -8]},
			"shade": false,
			"faces": {
				"north": {"uv": [5, 0, 11, 14], "texture": "#1"},
				"east": {"uv": [0, 3, 4, 4], "texture": "#1"},
				"south": {"uv": [5, 0, 11, 14], "texture": "#1"},
				"west": {"uv": [0, 0, 4, 1], "texture": "#1"},
				"up": {"uv": [2, 15, 3, 16], "rotation": 270, "texture": "#1"},
				"down": {"uv": [0, 0, 4, 4], "rotation": 90, "texture": "#1"}
			}
		},
		{
			"from": [2.5, -1, 2.5],
			"to": [5.5, 0, 5.5],
			"rotation": {"angle": 0, "axis": "y", "origin": [-8, -1, -8]},
			"shade": false,
			"faces": {
				"north": {"uv": [0, 3, 3, 4], "texture": "#1"},
				"east": {"uv": [0, 3, 3, 4], "texture": "#1"},
				"south": {"uv": [0, 3, 3, 4], "texture": "#1"},
				"west": {"uv": [0, 3, 3, 4], "texture": "#1"},
				"up": {"uv": [0, 0, 3, 3], "texture": "#1"},
				"down": {"uv": [0, 0, 3, 3], "texture": "#1"}
			}
		},
		{
			"from": [-1, -1, 8],
			"to": [-1, 13, 12],
			"rotation": {"angle": 45, "axis": "y", "origin": [-1, -1, -7]},
			"shade": false,
			"faces": {
				"north": {"uv": [0, 0, 4, 1], "texture": "#1"},
				"east": {"uv": [12, 0, 16, 14], "texture": "#1"},
				"south": {"uv": [3, 15, 7, 16], "texture": "#1"},
				"west": {"uv": [12, 0, 16, 14], "texture": "#1"},
				"up": {"uv": [2, 15, 3, 16], "texture": "#1"},
				"down": {"uv": [0, 0, 4, 4], "texture": "#1"}
			}
		},
		{
			"from": [-4, -1, 10],
			"to": [2, 13, 10],
			"rotation": {"angle": 45, "axis": "y", "origin": [-1, -1, -7]},
			"shade": false,
			"faces": {
				"north": {"uv": [5, 0, 11, 14], "texture": "#1"},
				"east": {"uv": [0, 3, 4, 4], "texture": "#1"},
				"south": {"uv": [5, 0, 11, 14], "texture": "#1"},
				"west": {"uv": [0, 0, 4, 1], "texture": "#1"},
				"up": {"uv": [2, 15, 3, 16], "rotation": 270, "texture": "#1"},
				"down": {"uv": [0, 0, 4, 4], "rotation": 90, "texture": "#1"}
			}
		},
		{
			"from": [9.5, -1, 3.5],
			"to": [12.5, 0, 6.5],
			"rotation": {"angle": 0, "axis": "y", "origin": [-1, -1, -7]},
			"shade": false,
			"faces": {
				"north": {"uv": [0, 3, 3, 4], "texture": "#1"},
				"east": {"uv": [0, 3, 3, 4], "texture": "#1"},
				"south": {"uv": [0, 3, 3, 4], "texture": "#1"},
				"west": {"uv": [0, 3, 3, 4], "texture": "#1"},
				"up": {"uv": [0, 0, 3, 3], "texture": "#1"},
				"down": {"uv": [0, 0, 3, 3], "texture": "#1"}
			}
		},
		{
			"from": [-7, -1, 16],
			"to": [-7, 13, 20],
			"rotation": {"angle": 45, "axis": "y", "origin": [-7, -1, 1]},
			"shade": false,
			"faces": {
				"north": {"uv": [0, 0, 4, 1], "texture": "#1"},
				"east": {"uv": [12, 0, 16, 14], "texture": "#1"},
				"south": {"uv": [3, 15, 7, 16], "texture": "#1"},
				"west": {"uv": [12, 0, 16, 14], "texture": "#1"},
				"up": {"uv": [2, 15, 3, 16], "texture": "#1"},
				"down": {"uv": [0, 0, 4, 4], "texture": "#1"}
			}
		},
		{
			"from": [-10, -1, 18],
			"to": [-4, 13, 18],
			"rotation": {"angle": 45, "axis": "y", "origin": [-7, -1, 1]},
			"shade": false,
			"faces": {
				"north": {"uv": [5, 0, 11, 14], "texture": "#1"},
				"east": {"uv": [0, 3, 4, 4], "texture": "#1"},
				"south": {"uv": [5, 0, 11, 14], "texture": "#1"},
				"west": {"uv": [0, 0, 4, 1], "texture": "#1"},
				"up": {"uv": [2, 15, 3, 16], "rotation": 270, "texture": "#1"},
				"down": {"uv": [0, 0, 4, 4], "rotation": 90, "texture": "#1"}
			}
		},
		{
			"from": [3.5, -1, 11.5],
			"to": [6.5, 0, 14.5],
			"rotation": {"angle": 0, "axis": "y", "origin": [-7, -1, 1]},
			"shade": false,
			"faces": {
				"north": {"uv": [0, 3, 3, 4], "texture": "#1"},
				"east": {"uv": [0, 3, 3, 4], "texture": "#1"},
				"south": {"uv": [0, 3, 3, 4], "texture": "#1"},
				"west": {"uv": [0, 3, 3, 4], "texture": "#1"},
				"up": {"uv": [0, 0, 3, 3], "texture": "#1"},
				"down": {"uv": [0, 0, 3, 3], "texture": "#1"}
			}
		}
	],
	"groups": [
		{
			"name": "group",
			"origin": [0, 0, 0],
			"color": 0,
			"children": [0, 1, 2]
		},
		{
			"name": "group",
			"origin": [0, 0, 0],
			"color": 0,
			"children": [3, 4, 5]
		},
		{
			"name": "group",
			"origin": [0, 0, 0],
			"color": 0,
			"children": [6, 7, 8]
		},
		{
			"name": "group",
			"origin": [0, 0, 0],
			"color": 0,
			"children": [9, 10, 11]
		}
	]
}