{
	"credit": "Made with Blockbench",
	"ambientocclusion": false,
	"textures": {
		"1": "farmersdelight:block/onions_stage0",
		"particle": "farmersdelight:block/onions_stage0"
	},
	"elements": [
		{
			"from": [0, -2, 15],
			"to": [0, 12, 19],
			"rotation": {"angle": 45, "axis": "y", "origin": [0, -1, 0]},
			"shade": false,
			"faces": {
				"north": {"uv": [0, 0, 4, 1], "texture": "#1"},
				"east": {"uv": [10, 2, 14, 16], "texture": "#1"},
				"south": {"uv": [3, 15, 7, 16], "texture": "#1"},
				"west": {"uv": [10, 2, 14, 16], "texture": "#1"},
				"up": {"uv": [2, 15, 3, 16], "texture": "#1"},
				"down": {"uv": [0, 0, 4, 4], "texture": "#1"}
			}
		},
		{
			"from": [-3, -2, 17],
			"to": [3, 12, 17],
			"rotation": {"angle": 45, "axis": "y", "origin": [0, -1, 0]},
			"shade": false,
			"faces": {
				"north": {"uv": [1, 2, 7, 16], "texture": "#1"},
				"east": {"uv": [0, 3, 4, 4], "texture": "#1"},
				"south": {"uv": [1, 2, 7, 16], "texture": "#1"},
				"west": {"uv": [0, 0, 4, 1], "texture": "#1"},
				"up": {"uv": [2, 15, 3, 16], "rotation": 270, "texture": "#1"},
				"down": {"uv": [0, 0, 4, 4], "rotation": 90, "texture": "#1"}
			}
		},
		{
			"from": [4, -2, 9],
			"to": [4, 12, 13],
			"rotation": {"angle": 45, "axis": "y", "origin": [0, -1, 0]},
			"shade": false,
			"faces": {
				"north": {"uv": [1, 6, 5, 7], "texture": "#1"},
				"east": {"uv": [10, 2, 14, 16], "texture": "#1"},
				"south": {"uv": [3, 15, 7, 16], "texture": "#1"},
				"west": {"uv": [10, 2, 14, 16], "texture": "#1"},
				"up": {"uv": [2, 15, 3, 16], "texture": "#1"},
				"down": {"uv": [0, 0, 4, 4], "texture": "#1"}
			}
		},
		{
			"from": [1, -2, 11],
			"to": [7, 12, 11],
			"rotation": {"angle": 45, "axis": "y", "origin": [0, -1, 0]},
			"shade": false,
			"faces": {
				"north": {"uv": [1, 6, 5, 7], "texture": "#1"},
				"east": {"uv": [0, 3, 4, 4], "texture": "#1"},
				"south": {"uv": [1, 2, 7, 16], "texture": "#1"},
				"west": {"uv": [0, 0, 4, 1], "texture": "#1"},
				"up": {"uv": [2, 15, 3, 16], "rotation": 270, "texture": "#1"},
				"down": {"uv": [0, 0, 4, 4], "rotation": 90, "texture": "#1"}
			}
		},
		{
			"from": [-6, -2, 11],
			"to": [-6, 12, 15],
			"rotation": {"angle": 45, "axis": "y", "origin": [0, -1, 0]},
			"shade": false,
			"faces": {
				"north": {"uv": [0, 0, 4, 1], "texture": "#1"},
				"east": {"uv": [10, 2, 14, 16], "texture": "#1"},
				"south": {"uv": [3, 15, 7, 16], "texture": "#1"},
				"west": {"uv": [10, 2, 14, 16], "texture": "#1"},
				"up": {"uv": [2, 15, 3, 16], "texture": "#1"},
				"down": {"uv": [0, 0, 4, 4], "texture": "#1"}
			}
		},
		{
			"from": [-9, -2, 13],
			"to": [-3, 12, 13],
			"rotation": {"angle": 45, "axis": "y", "origin": [0, -1, 0]},
			"shade": false,
			"faces": {
				"north": {"uv": [1, 2, 7, 16], "texture": "#1"},
				"east": {"uv": [0, 3, 4, 4], "texture": "#1"},
				"south": {"uv": [1, 2, 7, 16], "texture": "#1"},
				"west": {"uv": [0, 0, 4, 1], "texture": "#1"},
				"up": {"uv": [2, 15, 3, 16], "rotation": 270, "texture": "#1"},
				"down": {"uv": [0, 0, 4, 4], "rotation": 90, "texture": "#1"}
			}
		},
		{
			"from": [0, -2, 4],
			"to": [0, 12, 8],
			"rotation": {"angle": 45, "axis": "y", "origin": [0, -1, 0]},
			"shade": false,
			"faces": {
				"north": {"uv": [0, 0, 4, 1], "texture": "#1"},
				"east": {"uv": [10, 2, 14, 16], "texture": "#1"},
				"south": {"uv": [3, 15, 7, 16], "texture": "#1"},
				"west": {"uv": [10, 2, 14, 16], "texture": "#1"},
				"up": {"uv": [2, 15, 3, 16], "texture": "#1"},
				"down": {"uv": [0, 0, 4, 4], "texture": "#1"}
			}
		},
		{
			"from": [-3, -2, 6],
			"to": [3, 12, 6],
			"rotation": {"angle": 45, "axis": "y", "origin": [0, -1, 0]},
			"shade": false,
			"faces": {
				"north": {"uv": [1, 2, 7, 16], "texture": "#1"},
				"east": {"uv": [0, 3, 4, 4], "texture": "#1"},
				"south": {"uv": [1, 2, 7, 16], "texture": "#1"},
				"west": {"uv": [0, 0, 4, 1], "texture": "#1"},
				"up": {"uv": [2, 15, 3, 16], "rotation": 270, "texture": "#1"},
				"down": {"uv": [0, 0, 4, 4], "rotation": 90, "texture": "#1"}
			}
		}
	],
	"groups": [
		{
			"name": "group",
			"origin": [0, 0, 0],
			"color": 0,
			"children": [0, 1]
		},
		{
			"name": "group",
			"origin": [0, 0, 0],
			"color": 0,
			"children": [2, 3]
		},
		{
			"name": "group",
			"origin": [0, 0, 0],
			"color": 0,
			"children": [4, 5]
		},
		{
			"name": "group",
			"origin": [0, 0, 0],
			"color": 0,
			"children": [6, 7]
		}
	]
}