{
	"credit": "Made with Blockbench",
	"ambientocclusion": false,
	"texture_size": [32, 16],
	"textures": {
		"0": "farmersdelight:block/rice_supportall",
		"particle": "farmersdelight:block/rice_supportall"
	},
	"elements": [
		{
			"from": [4.78452, 0, 11.05575],
			"to": [8.78452, 16, 11.05575],
			"rotation": {"angle": -45, "axis": "y", "origin": [8.08088, 8, 8.58088]},
			"shade": false,
			"faces": {
				"north": {"uv": [2, 0, 4, 16], "texture": "#0"},
				"east": {"uv": [0, 0, 0, 16], "texture": "#0"},
				"south": {"uv": [4, 0, 2, 16], "texture": "#0"},
				"west": {"uv": [0, 0, 0, 16], "texture": "#0"},
				"up": {"uv": [0, 0, 2.66667, 0], "texture": "#0"},
				"down": {"uv": [0, 0, 2.66667, 0], "texture": "#0"}
			}
		},
		{
			"from": [3.60601, 0, 7.28452],
			"to": [7.60601, 16, 7.28452],
			"rotation": {"angle": 45, "axis": "y", "origin": [8.08088, 8, 8.58088]},
			"shade": false,
			"faces": {
				"north": {"uv": [2, 0, 0, 16], "texture": "#0"},
				"east": {"uv": [0, 0, 0, 16], "texture": "#0"},
				"south": {"uv": [0, 0, 2, 16], "texture": "#0"},
				"west": {"uv": [0, 0, 0, 16], "texture": "#0"},
				"up": {"uv": [0, 0, 2.66667, 0], "texture": "#0"},
				"down": {"uv": [0, 0, 2.66667, 0], "texture": "#0"}
			}
		},
		{
			"from": [6.19873, 0, 8.22733],
			"to": [10.19873, 16, 8.22733],
			"rotation": {"angle": -45, "axis": "y", "origin": [8.08088, 8, 8.58088]},
			"shade": false,
			"faces": {
				"north": {"uv": [2, 0, 0, 16], "texture": "#0"},
				"east": {"uv": [0, 0, 0, 16], "texture": "#0"},
				"south": {"uv": [0, 0, 2, 16], "texture": "#0"},
				"west": {"uv": [0, 0, 0, 16], "texture": "#0"},
				"up": {"uv": [0, 0, 2.66667, 0], "texture": "#0"},
				"down": {"uv": [0, 0, 2.66667, 0], "texture": "#0"}
			}
		},
		{
			"from": [6.43443, 0, 8.69873],
			"to": [10.43443, 16, 8.69873],
			"rotation": {"angle": 45, "axis": "y", "origin": [8.08088, 8, 8.58088]},
			"shade": false,
			"faces": {
				"north": {"uv": [2, 0, 4, 16], "texture": "#0"},
				"east": {"uv": [0, 0, 0, 16], "texture": "#0"},
				"south": {"uv": [4, 0, 2, 16], "texture": "#0"},
				"west": {"uv": [0, 0, 0, 16], "texture": "#0"},
				"up": {"uv": [0, 0, 2.66667, 0], "texture": "#0"},
				"down": {"uv": [0, 0, 2.66667, 0], "texture": "#0"}
			}
		},
		{
			"from": [8.32005, 0, 10.34865],
			"to": [12.32005, 16, 10.34865],
			"rotation": {"angle": -45, "axis": "y", "origin": [8.08088, 8, 8.58088]},
			"shade": false,
			"faces": {
				"north": {"uv": [2, 0, 4, 16], "texture": "#0"},
				"east": {"uv": [0, 0, 0, 16], "texture": "#0"},
				"south": {"uv": [4, 0, 2, 16], "texture": "#0"},
				"west": {"uv": [0, 0, 0, 16], "texture": "#0"},
				"up": {"uv": [0, 0, 2.66667, 0], "texture": "#0"},
				"down": {"uv": [0, 0, 2.66667, 0], "texture": "#0"}
			}
		},
		{
			"from": [4.31311, 0, 10.82005],
			"to": [8.31311, 16, 10.82005],
			"rotation": {"angle": 45, "axis": "y", "origin": [8.08088, 8, 8.58088]},
			"shade": false,
			"faces": {
				"north": {"uv": [2, 0, 4, 16], "texture": "#0"},
				"east": {"uv": [0, 0, 0, 16], "texture": "#0"},
				"south": {"uv": [4, 0, 2, 16], "texture": "#0"},
				"west": {"uv": [0, 0, 0, 16], "texture": "#0"},
				"up": {"uv": [0, 0, 2.66667, 0], "texture": "#0"},
				"down": {"uv": [0, 0, 2.66667, 0], "texture": "#0"}
			}
		},
		{
			"from": [9.73427, 0, 7.52022],
			"to": [13.73427, 16, 7.52022],
			"rotation": {"angle": -45, "axis": "y", "origin": [8.08088, 8, 8.58088]},
			"shade": false,
			"faces": {
				"north": {"uv": [2, 0, 4, 16], "texture": "#0"},
				"east": {"uv": [0, 0, 0, 16], "texture": "#0"},
				"south": {"uv": [4, 0, 2, 16], "texture": "#0"},
				"west": {"uv": [0, 0, 0, 16], "texture": "#0"},
				"up": {"uv": [0, 0, 2.66667, 0], "texture": "#0"},
				"down": {"uv": [0, 0, 2.66667, 0], "texture": "#0"}
			}
		},
		{
			"from": [7.14154, 0, 12.23427],
			"to": [11.14154, 16, 12.23427],
			"rotation": {"angle": 45, "axis": "y", "origin": [8.08088, 8, 8.58088]},
			"shade": false,
			"faces": {
				"north": {"uv": [2, 0, 4, 16], "texture": "#0"},
				"east": {"uv": [0, 0, 0, 16], "texture": "#0"},
				"south": {"uv": [4, 0, 2, 16], "texture": "#0"},
				"west": {"uv": [0, 0, 0, 16], "texture": "#0"},
				"up": {"uv": [0, 0, 2.66667, 0], "texture": "#0"},
				"down": {"uv": [0, 0, 2.66667, 0], "texture": "#0"}
			}
		},
		{
			"from": [2.6632, 0, 8.93443],
			"to": [6.6632, 16, 8.93443],
			"rotation": {"angle": -45, "axis": "y", "origin": [8.08088, 8, 8.58088]},
			"shade": false,
			"faces": {
				"north": {"uv": [2, 0, 4, 16], "texture": "#0"},
				"east": {"uv": [0, 0, 0, 16], "texture": "#0"},
				"south": {"uv": [4, 0, 2, 16], "texture": "#0"},
				"west": {"uv": [0, 0, 0, 16], "texture": "#0"},
				"up": {"uv": [0, 0, 2.66667, 0], "texture": "#0"},
				"down": {"uv": [0, 0, 2.66667, 0], "texture": "#0"}
			}
		},
		{
			"from": [5.72733, 0, 5.1632],
			"to": [9.72733, 16, 5.1632],
			"rotation": {"angle": 45, "axis": "y", "origin": [8.08088, 8, 8.58088]},
			"shade": false,
			"faces": {
				"north": {"uv": [2, 0, 4, 16], "texture": "#0"},
				"east": {"uv": [0, 0, 0, 16], "texture": "#0"},
				"south": {"uv": [4, 0, 2, 16], "texture": "#0"},
				"west": {"uv": [0, 0, 0, 16], "texture": "#0"},
				"up": {"uv": [0, 0, 2.66667, 0], "texture": "#0"},
				"down": {"uv": [0, 0, 2.66667, 0], "texture": "#0"}
			}
		},
		{
			"from": [4.78452, 0, 5.3989],
			"to": [8.78452, 16, 5.3989],
			"rotation": {"angle": -45, "axis": "y", "origin": [8.08088, 8, 8.58088]},
			"shade": false,
			"faces": {
				"north": {"uv": [2, 0, 4, 16], "texture": "#0"},
				"east": {"uv": [0, 0, 0, 16], "texture": "#0"},
				"south": {"uv": [4, 0, 2, 16], "texture": "#0"},
				"west": {"uv": [0, 0, 0, 16], "texture": "#0"},
				"up": {"uv": [0, 0, 2.66667, 0], "texture": "#0"},
				"down": {"uv": [0, 0, 2.66667, 0], "texture": "#0"}
			}
		},
		{
			"from": [9.26286, 0, 7.28452],
			"to": [13.26286, 16, 7.28452],
			"rotation": {"angle": 45, "axis": "y", "origin": [8.08088, 8, 8.58088]},
			"shade": false,
			"faces": {
				"north": {"uv": [2, 0, 0, 16], "texture": "#0"},
				"east": {"uv": [0, 0, 0, 16], "texture": "#0"},
				"south": {"uv": [0, 0, 2, 16], "texture": "#0"},
				"west": {"uv": [0, 0, 0, 16], "texture": "#0"},
				"up": {"uv": [0, 0, 2.66667, 0], "texture": "#0"},
				"down": {"uv": [0, 0, 2.66667, 0], "texture": "#0"}
			}
		},
		{
			"from": [10.16421, 0, 7.41421],
			"to": [14.16421, 16, 7.41421],
			"rotation": {"angle": -45, "axis": "y", "origin": [12.16421, 8, 7.41421]},
			"shade": false,
			"faces": {
				"north": {"uv": [2, 0, 0, 16], "texture": "#0"},
				"east": {"uv": [0, 0, 0, 16], "texture": "#0"},
				"south": {"uv": [0, 0, 2, 16], "texture": "#0"},
				"west": {"uv": [0, 0, 0, 16], "texture": "#0"},
				"up": {"uv": [0, 0, 2.66667, 0], "texture": "#0"},
				"down": {"uv": [0, 0, 2.66667, 0], "texture": "#0"}
			}
		},
		{
			"from": [10.16421, 0, 7.41421],
			"to": [14.16421, 16, 7.41421],
			"rotation": {"angle": 45, "axis": "y", "origin": [12.16421, 8, 7.41421]},
			"shade": false,
			"faces": {
				"north": {"uv": [2, 0, 4, 16], "texture": "#0"},
				"east": {"uv": [0, 0, 0, 16], "texture": "#0"},
				"south": {"uv": [4, 0, 2, 16], "texture": "#0"},
				"west": {"uv": [0, 0, 0, 16], "texture": "#0"},
				"up": {"uv": [0, 0, 2.66667, 0], "texture": "#0"},
				"down": {"uv": [0, 0, 2.66667, 0], "texture": "#0"}
			}
		}
	],
	"groups": [
		{
			"name": "group",
			"origin": [0, 0, 0],
			"color": 0,
			"children": [0, 1]
		},
		{
			"name": "group",
			"origin": [0, 0, 0],
			"color": 0,
			"children": [2, 3]
		},
		{
			"name": "group",
			"origin": [0, 0, 0],
			"color": 0,
			"children": [4, 5]
		},
		{
			"name": "group",
			"origin": [0, 0, 0],
			"color": 0,
			"children": [6, 7]
		},
		{
			"name": "group",
			"origin": [0, 0, 0],
			"color": 0,
			"children": [8, 9]
		},
		{
			"name": "group",
			"origin": [0, 0, 0],
			"color": 0,
			"children": [10, 11]
		},
		{
			"name": "group",
			"origin": [0, 0, 0],
			"color": 0,
			"children": [12, 13]
		}
	]
}