{
	"credit": "Made with Blockbench",
	"ambientocclusion": false,
	"textures": {
		"1": "farmersdelight:block/tomatoes_stage3",
		"3": "farmersdelight:block/tomatoes_berry",
		"particle": "farmersdelight:block/tomatoes_stage3"
	},
	"elements": [
		{
			"from": [0, -1, 16],
			"to": [16, 15, 16],
			"rotation": {"angle": 45, "axis": "y", "origin": [0, 0, 16], "rescale": true},
			"shade": false,
			"faces": {
				"north": {"uv": [0, 0, 16, 16], "texture": "#1"},
				"east": {"uv": [0, 0, 0, 8], "texture": "#1"},
				"south": {"uv": [16, 0, 0, 16], "texture": "#1"},
				"west": {"uv": [0, 0, 0, 8], "texture": "#1"},
				"up": {"uv": [0, 0, 16, 0], "texture": "#1"},
				"down": {"uv": [0, 0, 16, 0], "texture": "#1"}
			}
		},
		{
			"from": [0, -1, 0],
			"to": [16, 15, 0],
			"rotation": {"angle": -45, "axis": "y", "origin": [0, 0, 0], "rescale": true},
			"shade": false,
			"faces": {
				"north": {"uv": [16, 0, 0, 16], "texture": "#1"},
				"east": {"uv": [0, 0, 0, 8], "texture": "#1"},
				"south": {"uv": [0, 0, 16, 16], "texture": "#1"},
				"west": {"uv": [0, 0, 0, 8], "texture": "#1"},
				"up": {"uv": [0, 0, 16, 0], "texture": "#1"},
				"down": {"uv": [0, 0, 16, 0], "texture": "#1"}
			}
		},
		{
			"from": [-3.5, 10, 11],
			"to": [0.5, 14, 15],
			"rotation": {"angle": 45, "axis": "y", "origin": [0, 0, 0]},
			"shade": false,
			"faces": {
				"north": {"uv": [4, 0, 0, 4], "texture": "#3"},
				"east": {"uv": [0, 0, 4, 4], "texture": "#3"},
				"south": {"uv": [4, 0, 0, 4], "texture": "#3"},
				"west": {"uv": [0, 0, 4, 4], "texture": "#3"},
				"up": {"uv": [8, 0, 12, 4], "texture": "#3"},
				"down": {"uv": [4, 0, 8, 4], "texture": "#3"}
			}
		},
		{
			"from": [-2, 3, 4],
			"to": [2, 7, 8],
			"rotation": {"angle": 45, "axis": "y", "origin": [0, 0, 0]},
			"shade": false,
			"faces": {
				"north": {"uv": [4, 0, 0, 4], "texture": "#3"},
				"east": {"uv": [0, 0, 4, 4], "texture": "#3"},
				"south": {"uv": [4, 0, 0, 4], "texture": "#3"},
				"west": {"uv": [0, 0, 4, 4], "texture": "#3"},
				"up": {"uv": [8, 0, 12, 4], "texture": "#3"},
				"down": {"uv": [4, 0, 8, 4], "texture": "#3"}
			}
		},
		{
			"from": [-8.5, 6, 9.5],
			"to": [-4.5, 10, 13.5],
			"rotation": {"angle": 45, "axis": "y", "origin": [0, 0, 0]},
			"shade": false,
			"faces": {
				"north": {"uv": [0, 0, 4, 4], "texture": "#3"},
				"east": {"uv": [4, 0, 0, 4], "texture": "#3"},
				"south": {"uv": [0, 0, 4, 4], "texture": "#3"},
				"west": {"uv": [4, 0, 0, 4], "texture": "#3"},
				"up": {"uv": [8, 0, 12, 4], "texture": "#3"},
				"down": {"uv": [4, 0, 8, 4], "texture": "#3"}
			}
		},
		{
			"from": [4.5, 2, 9.5],
			"to": [8.5, 6, 13.5],
			"rotation": {"angle": 45, "axis": "y", "origin": [0, 0, 0]},
			"shade": false,
			"faces": {
				"north": {"uv": [4, 0, 0, 4], "texture": "#3"},
				"east": {"uv": [0, 0, 4, 4], "texture": "#3"},
				"south": {"uv": [4, 0, 0, 4], "texture": "#3"},
				"west": {"uv": [0, 0, 4, 4], "texture": "#3"},
				"up": {"uv": [8, 0, 12, 4], "texture": "#3"},
				"down": {"uv": [4, 0, 8, 4], "texture": "#3"}
			}
		},
		{
			"from": [-1.5, 8, 17],
			"to": [1.5, 11, 20],
			"rotation": {"angle": 45, "axis": "y", "origin": [0, 0, 0]},
			"shade": false,
			"faces": {
				"north": {"uv": [0, 1, 3, 4], "texture": "#3"},
				"east": {"uv": [1, 1, 4, 4], "texture": "#3"},
				"south": {"uv": [0, 1, 3, 4], "texture": "#3"},
				"west": {"uv": [1, 1, 4, 4], "texture": "#3"},
				"up": {"uv": [8, 0, 11, 3], "texture": "#3"},
				"down": {"uv": [5, 1, 8, 4], "texture": "#3"}
			}
		}
	]
}