{
	"credit": "Made with Blockbench",
	"ambientocclusion": false,
	"textures": {
		"1": "farmersdelight:block/tomatoes_stage3",
		"3": "farmersdelight:block/tomatoes_berry",
		"particle": "farmersdelight:block/tomatoes_stage3"
	},
	"elements": [
		{
			"from": [0, -1, 16],
			"to": [16, 15, 16],
			"rotation": {"angle": 45, "axis": "y", "origin": [0, 0, 16], "rescale": true},
			"shade": false,
			"faces": {
				"north": {"uv": [0, 0, 16, 16], "texture": "#1"},
				"east": {"uv": [0, 0, 0, 8], "texture": "#1"},
				"south": {"uv": [16, 0, 0, 16], "texture": "#1"},
				"west": {"uv": [0, 0, 0, 8], "texture": "#1"},
				"up": {"uv": [0, 0, 16, 0], "texture": "#1"},
				"down": {"uv": [0, 0, 16, 0], "texture": "#1"}
			}
		},
		{
			"from": [0, -1, 0],
			"to": [16, 15, 0],
			"rotation": {"angle": -45, "axis": "y", "origin": [0, 0, 0], "rescale": true},
			"shade": false,
			"faces": {
				"north": {"uv": [16, 0, 0, 16], "texture": "#1"},
				"east": {"uv": [0, 0, 0, 8], "texture": "#1"},
				"south": {"uv": [0, 0, 16, 16], "texture": "#1"},
				"west": {"uv": [0, 0, 0, 8], "texture": "#1"},
				"up": {"uv": [0, 0, 16, 0], "texture": "#1"},
				"down": {"uv": [0, 0, 16, 0], "texture": "#1"}
			}
		},
		{
			"from": [-2.5, 11, 11],
			"to": [0.5, 14, 14],
			"rotation": {"angle": 45, "axis": "y", "origin": [0, 0, 0]},
			"shade": false,
			"faces": {
				"north": {"uv": [6, 5, 3, 8], "texture": "#3"},
				"east": {"uv": [3, 5, 6, 8], "texture": "#3"},
				"south": {"uv": [6, 5, 3, 8], "texture": "#3"},
				"west": {"uv": [3, 5, 6, 8], "texture": "#3"},
				"up": {"uv": [9, 5, 12, 8], "texture": "#3"},
				"down": {"uv": [6, 5, 9, 8], "texture": "#3"}
			}
		},
		{
			"from": [-1.5, 3, 4],
			"to": [1.5, 6, 7],
			"rotation": {"angle": 45, "axis": "y", "origin": [0, 0, 0]},
			"shade": false,
			"faces": {
				"north": {"uv": [6, 5, 3, 8], "texture": "#3"},
				"east": {"uv": [3, 5, 6, 8], "texture": "#3"},
				"south": {"uv": [6, 5, 3, 8], "texture": "#3"},
				"west": {"uv": [3, 5, 6, 8], "texture": "#3"},
				"up": {"uv": [9, 5, 12, 8], "texture": "#3"},
				"down": {"uv": [6, 5, 9, 8], "texture": "#3"}
			}
		},
		{
			"from": [-7.5, 7, 10],
			"to": [-4.5, 10, 13],
			"rotation": {"angle": 45, "axis": "y", "origin": [0, 0, 0]},
			"shade": false,
			"faces": {
				"north": {"uv": [3, 5, 6, 8], "texture": "#3"},
				"east": {"uv": [6, 5, 3, 8], "texture": "#3"},
				"south": {"uv": [3, 5, 6, 8], "texture": "#3"},
				"west": {"uv": [6, 5, 3, 8], "texture": "#3"},
				"up": {"uv": [9, 5, 12, 8], "texture": "#3"},
				"down": {"uv": [6, 5, 9, 8], "texture": "#3"}
			}
		},
		{
			"from": [4.5, 3, 10],
			"to": [7.5, 6, 13],
			"rotation": {"angle": 45, "axis": "y", "origin": [0, 0, 0]},
			"shade": false,
			"faces": {
				"north": {"uv": [6, 5, 3, 8], "texture": "#3"},
				"east": {"uv": [3, 5, 6, 8], "texture": "#3"},
				"south": {"uv": [6, 5, 3, 8], "texture": "#3"},
				"west": {"uv": [3, 5, 6, 8], "texture": "#3"},
				"up": {"uv": [9, 5, 12, 8], "texture": "#3"},
				"down": {"uv": [6, 5, 9, 8], "texture": "#3"}
			}
		},
		{
			"from": [-1, 8, 17],
			"to": [1, 10, 19],
			"rotation": {"angle": 45, "axis": "y", "origin": [0, 0, 0]},
			"shade": false,
			"faces": {
				"north": {"uv": [4, 6, 6, 8], "texture": "#3"},
				"east": {"uv": [3, 6, 5, 8], "texture": "#3"},
				"south": {"uv": [4, 6, 6, 8], "texture": "#3"},
				"west": {"uv": [3, 6, 5, 8], "texture": "#3"},
				"up": {"uv": [10, 5, 12, 7], "texture": "#3"},
				"down": {"uv": [6, 6, 8, 8], "texture": "#3"}
			}
		}
	]
}