{
	"credit": "Created by _GrandMagus_",
	"parent": "block/block",
	"textures": {
		"particle": "block/chain",
		"all": "block/chain"
	},
	"elements": [
		{
			"from": [8.3, 0, 8],
			"to": [9.3, 2, 9],
			"rotation": {"angle": -45, "axis": "y", "origin": [8.5, 0.5, 8.5]},
			"faces": {
				"north": {"uv": [5, 14, 6, 16], "texture": "#all"},
				"east": {"uv": [5, 14, 6, 16], "texture": "#all"},
				"south": {"uv": [5, 14, 6, 16], "texture": "#all"},
				"west": {"uv": [5, 14, 6, 16], "texture": "#all"},
				"up": {"uv": [5, 14, 6, 15], "texture": "#all"},
				"down": {"uv": [5, 15, 6, 16], "texture": "#all", "cullface": "down"}
			}
		},
		{
			"from": [8.3, 14, 8],
			"to": [9.3, 16, 9],
			"rotation": {"angle": -45, "axis": "y", "origin": [8.5, 0.5, 8.5]},
			"faces": {
				"north": {"uv": [5, 0, 6, 2], "texture": "#all"},
				"east": {"uv": [5, 0, 6, 2], "texture": "#all"},
				"south": {"uv": [5, 0, 6, 2], "texture": "#all"},
				"west": {"uv": [5, 0, 6, 2], "texture": "#all"},
				"up": {"uv": [5, 0, 6, 1], "texture": "#all", "cullface": "up"},
				"down": {"uv": [5, 1, 6, 2], "texture": "#all"}
			}
		},
		{
			"from": [7.3, 1, 7],
			"to": [8.3, 2, 10],
			"rotation": {"angle": -45, "axis": "y", "origin": [8.5, 0.5, 8.5]},
			"faces": {
				"north": {"uv": [2, 14, 3, 15], "texture": "#all"},
				"east": {"uv": [0, 14, 3, 15], "texture": "#all"},
				"south": {"uv": [0, 14, 1, 15], "texture": "#all"},
				"west": {"uv": [3, 14, 0, 15], "texture": "#all"},
				"up": {"uv": [0, 14, 3, 15], "rotation": 270, "texture": "#all"},
				"down": {"uv": [0, 14, 3, 15], "rotation": 90, "texture": "#all"}
			}
		},
		{
			"from": [7.3, 6, 7],
			"to": [8.3, 7, 10],
			"rotation": {"angle": -45, "axis": "y", "origin": [8.5, 0.5, 8.5]},
			"faces": {
				"north": {"uv": [2, 9, 3, 10], "texture": "#all"},
				"east": {"uv": [0, 9, 3, 10], "texture": "#all"},
				"south": {"uv": [0, 9, 1, 10], "texture": "#all"},
				"west": {"uv": [3, 9, 0, 10], "texture": "#all"},
				"up": {"uv": [0, 9, 3, 10], "rotation": 270, "texture": "#all"},
				"down": {"uv": [0, 9, 3, 10], "rotation": 90, "texture": "#all"}
			}
		},
		{
			"from": [7.3, 3, 7],
			"to": [8.3, 4, 10],
			"rotation": {"angle": -45, "axis": "y", "origin": [8.5, 0.5, 8.5]},
			"faces": {
				"north": {"uv": [2, 12, 3, 13], "texture": "#all"},
				"east": {"uv": [0, 12, 3, 13], "texture": "#all"},
				"south": {"uv": [0, 12, 1, 13], "texture": "#all"},
				"west": {"uv": [3, 12, 0, 13], "texture": "#all"},
				"up": {"uv": [0, 12, 3, 13], "rotation": 270, "texture": "#all"},
				"down": {"uv": [0, 12, 3, 13], "rotation": 90, "texture": "#all"}
			}
		},
		{
			"from": [7.3, 9, 7],
			"to": [8.3, 10, 10],
			"rotation": {"angle": -45, "axis": "y", "origin": [8.5, 0.5, 8.5]},
			"faces": {
				"north": {"uv": [2, 12, 3, 13], "texture": "#all"},
				"east": {"uv": [0, 12, 3, 13], "texture": "#all"},
				"south": {"uv": [0, 12, 1, 13], "texture": "#all"},
				"west": {"uv": [3, 12, 0, 13], "texture": "#all"},
				"up": {"uv": [0, 12, 3, 13], "rotation": 270, "texture": "#all"},
				"down": {"uv": [0, 12, 3, 13], "rotation": 90, "texture": "#all"}
			}
		},
		{
			"from": [7.3, 12, 7],
			"to": [8.3, 13, 10],
			"rotation": {"angle": -45, "axis": "y", "origin": [8.5, 0.5, 8.5]},
			"faces": {
				"north": {"uv": [2, 12, 3, 13], "texture": "#all"},
				"east": {"uv": [0, 12, 3, 13], "texture": "#all"},
				"south": {"uv": [0, 12, 1, 13], "texture": "#all"},
				"west": {"uv": [3, 12, 0, 13], "texture": "#all"},
				"up": {"uv": [0, 12, 3, 13], "rotation": 270, "texture": "#all"},
				"down": {"uv": [0, 12, 3, 13], "rotation": 90, "texture": "#all"}
			}
		},
		{
			"from": [7.3, 14, 7],
			"to": [8.3, 15, 10],
			"rotation": {"angle": -45, "axis": "y", "origin": [8.5, 0.5, 8.5]},
			"faces": {
				"north": {"uv": [2, 1, 3, 2], "texture": "#all"},
				"east": {"uv": [0, 1, 3, 2], "texture": "#all"},
				"south": {"uv": [0, 1, 1, 2], "texture": "#all"},
				"west": {"uv": [3, 1, 0, 2], "texture": "#all"},
				"up": {"uv": [0, 1, 3, 2], "rotation": 270, "texture": "#all"},
				"down": {"uv": [0, 1, 3, 2], "rotation": 90, "texture": "#all"}
			}
		},
		{
			"from": [6.3, 0, 8],
			"to": [7.3, 2, 9],
			"rotation": {"angle": -45, "axis": "y", "origin": [8.5, 0.5, 8.5]},
			"faces": {
				"north": {"uv": [3, 14, 4, 16], "texture": "#all"},
				"east": {"uv": [3, 14, 4, 16], "texture": "#all"},
				"south": {"uv": [3, 14, 4, 16], "texture": "#all"},
				"west": {"uv": [3, 14, 4, 16], "texture": "#all"},
				"up": {"uv": [3, 14, 4, 15], "texture": "#all"},
				"down": {"uv": [3, 15, 4, 16], "texture": "#all", "cullface": "down"}
			}
		},
		{
			"from": [6.3, 14, 8],
			"to": [7.3, 16, 9],
			"rotation": {"angle": -45, "axis": "y", "origin": [8.5, 0.5, 8.5]},
			"faces": {
				"north": {"uv": [3, 0, 4, 2], "texture": "#all"},
				"east": {"uv": [3, 0, 4, 2], "texture": "#all"},
				"south": {"uv": [3, 0, 4, 2], "texture": "#all"},
				"west": {"uv": [3, 0, 4, 2], "texture": "#all"},
				"up": {"uv": [3, 0, 4, 1], "texture": "#all", "cullface": "up"},
				"down": {"uv": [3, 1, 4, 2], "texture": "#all"}
			}
		},
		{
			"from": [7.3, 2, 7],
			"to": [8.3, 3, 8],
			"rotation": {"angle": -45, "axis": "y", "origin": [8.5, 0.5, 8.5]},
			"faces": {
				"north": {"uv": [2, 13, 3, 14], "texture": "#all"},
				"east": {"uv": [2, 13, 3, 14], "texture": "#all"},
				"south": {"uv": [2, 13, 3, 14], "texture": "#all"},
				"west": {"uv": [2, 13, 3, 14], "texture": "#all"},
				"up": {"uv": [6, 0, 7, 1], "texture": "#all"},
				"down": {"uv": [6, 0, 7, 1], "texture": "#all"}
			}
		},
		{
			"from": [7.3, 13, 7],
			"to": [8.3, 14, 8],
			"rotation": {"angle": -45, "axis": "y", "origin": [8.5, 0.5, 8.5]},
			"faces": {
				"north": {"uv": [2, 2, 3, 3], "texture": "#all"},
				"east": {"uv": [2, 2, 3, 3], "texture": "#all"},
				"south": {"uv": [2, 2, 3, 3], "texture": "#all"},
				"west": {"uv": [2, 2, 3, 3], "texture": "#all"},
				"up": {"uv": [6, 0, 7, 1], "texture": "#all"},
				"down": {"uv": [6, 0, 7, 1], "texture": "#all"}
			}
		},
		{
			"from": [7.3, 7, 7],
			"to": [8.3, 9, 8],
			"rotation": {"angle": -45, "axis": "y", "origin": [8.5, 0.5, 8.5]},
			"faces": {
				"north": {"uv": [2, 7, 3, 9], "texture": "#all"},
				"east": {"uv": [2, 7, 3, 9], "texture": "#all"},
				"south": {"uv": [2, 7, 3, 9], "texture": "#all"},
				"west": {"uv": [2, 7, 3, 9], "texture": "#all"},
				"up": {"uv": [6, 0, 7, 1], "texture": "#all"},
				"down": {"uv": [6, 0, 7, 1], "texture": "#all"}
			}
		},
		{
			"from": [7.3, 2, 9],
			"to": [8.3, 3, 10],
			"rotation": {"angle": -45, "axis": "y", "origin": [8.5, 0.5, 8.5]},
			"faces": {
				"north": {"uv": [0, 13, 1, 14], "texture": "#all"},
				"east": {"uv": [0, 13, 1, 14], "texture": "#all"},
				"south": {"uv": [0, 13, 1, 14], "texture": "#all"},
				"west": {"uv": [0, 13, 1, 14], "texture": "#all"},
				"up": {"uv": [6, 0, 7, 1], "texture": "#all"},
				"down": {"uv": [6, 0, 7, 1], "texture": "#all"}
			}
		},
		{
			"from": [7.3, 13, 9],
			"to": [8.3, 14, 10],
			"rotation": {"angle": -45, "axis": "y", "origin": [8.5, 0.5, 8.5]},
			"faces": {
				"north": {"uv": [0, 2, 1, 3], "texture": "#all"},
				"east": {"uv": [0, 2, 1, 3], "texture": "#all"},
				"south": {"uv": [0, 2, 1, 3], "texture": "#all"},
				"west": {"uv": [0, 2, 1, 3], "texture": "#all"},
				"up": {"uv": [6, 0, 7, 1], "texture": "#all"},
				"down": {"uv": [6, 0, 7, 1], "texture": "#all"}
			}
		},
		{
			"from": [7.3, 7, 9],
			"to": [8.3, 9, 10],
			"rotation": {"angle": -45, "axis": "y", "origin": [8.5, 0.5, 8.5]},
			"faces": {
				"north": {"uv": [0, 7, 1, 9], "texture": "#all"},
				"east": {"uv": [0, 7, 1, 9], "texture": "#all"},
				"south": {"uv": [0, 7, 1, 9], "texture": "#all"},
				"west": {"uv": [0, 7, 1, 9], "texture": "#all"},
				"up": {"uv": [6, 0, 7, 1], "texture": "#all"},
				"down": {"uv": [6, 0, 7, 1], "texture": "#all"}
			}
		},
		{
			"from": [6.3, 3, 8],
			"to": [7.3, 7, 9],
			"rotation": {"angle": -45, "axis": "y", "origin": [8.5, 0.5, 8.5]},
			"faces": {
				"north": {"uv": [3, 9, 4, 13], "texture": "#all"},
				"east": {"uv": [3, 9, 4, 13], "texture": "#all"},
				"south": {"uv": [3, 9, 4, 13], "texture": "#all"},
				"west": {"uv": [3, 9, 4, 13], "texture": "#all"},
				"up": {"uv": [3, 9, 4, 10], "texture": "#all"},
				"down": {"uv": [3, 12, 4, 13], "texture": "#all"}
			}
		},
		{
			"from": [6.3, 9, 8],
			"to": [7.3, 13, 9],
			"rotation": {"angle": -45, "axis": "y", "origin": [8.5, 0.5, 8.5]},
			"faces": {
				"north": {"uv": [3, 3, 4, 7], "texture": "#all"},
				"east": {"uv": [3, 3, 4, 7], "texture": "#all"},
				"south": {"uv": [3, 3, 4, 7], "texture": "#all"},
				"west": {"uv": [3, 3, 4, 7], "texture": "#all"},
				"up": {"uv": [3, 3, 4, 4], "texture": "#all"},
				"down": {"uv": [3, 6, 4, 7], "texture": "#all"}
			}
		},
		{
			"from": [8.3, 3, 8],
			"to": [9.3, 7, 9],
			"rotation": {"angle": -45, "axis": "y", "origin": [8.5, 0.5, 8.5]},
			"faces": {
				"north": {"uv": [5, 9, 6, 13], "texture": "#all"},
				"east": {"uv": [5, 9, 6, 13], "texture": "#all"},
				"south": {"uv": [5, 9, 6, 13], "texture": "#all"},
				"west": {"uv": [5, 9, 6, 13], "texture": "#all"},
				"up": {"uv": [5, 9, 6, 10], "texture": "#all"},
				"down": {"uv": [5, 12, 6, 13], "texture": "#all"}
			}
		},
		{
			"from": [8.3, 9, 8],
			"to": [9.3, 13, 9],
			"rotation": {"angle": -45, "axis": "y", "origin": [8.5, 0.5, 8.5]},
			"faces": {
				"north": {"uv": [5, 3, 6, 7], "texture": "#all"},
				"east": {"uv": [5, 3, 6, 7], "texture": "#all"},
				"south": {"uv": [5, 3, 6, 7], "texture": "#all"},
				"west": {"uv": [5, 3, 6, 7], "texture": "#all"},
				"up": {"uv": [5, 3, 6, 4], "texture": "#all"},
				"down": {"uv": [5, 6, 6, 7], "texture": "#all"}
			}
		}
	]
}