{
	"__comment": "Created by _GrandMagus_",
	"parent": "block/block",
	"textures": {
		"particle": "block/diamond_ore",
		"all": "block/diamond_ore"
	},
	"elements": [
		{
			"__comment": "Cube1",
			"from": [ 0, 0, 0 ],
			"to": [ 16, 16, 16 ],
			"faces": {
				"down": { "uv": [ 0, 0, 16, 16 ], "texture": "#all", "cullface": "down" },
				"up": { "uv": [ 0, 0, 16, 16 ], "texture": "#all", "cullface": "up" },
				"north": { "uv": [ 0, 0, 16, 16 ], "texture": "#all", "cullface": "north" },
				"south": { "uv": [ 0, 0, 16, 16 ], "texture": "#all", "cullface": "south" },
				"west": { "uv": [ 0, 0, 16, 16 ], "texture": "#all", "cullface": "west" },
				"east": { "uv": [ 0, 0, 16, 16 ], "texture": "#all", "cullface": "east" }
			}
		},
		{
			"__comment": "Cube1",
			"from": [ 7, -1, 9 ],
			"to": [ 8, 0, 10 ],
			"faces": {
				"down": { "uv": [ 7, 6, 8, 7 ], "texture": "#all", "cullface": "down" },
				"north": { "uv": [ 8, 7, 7, 6 ], "texture": "#all", "cullface": "down" },
				"south": { "uv": [ 8, 7, 7, 6 ], "texture": "#all", "cullface": "down" },
				"west": { "uv": [ 7, 6, 8, 7 ], "texture": "#all", "cullface": "down", "rotation": 180 },
				"east": { "uv": [ 7, 6, 8, 7 ], "texture": "#all", "cullface": "down", "rotation": 180 }
			}
		},
		{
			"__comment": "Cube1",
			"from": [ 7, -0.5, 12 ],
			"to": [ 9, 0, 13 ],
			"faces": {
				"down": { "uv": [ 7, 3, 9, 4 ], "texture": "#all", "cullface": "down" },
				"north": { "uv": [ 9, 4, 7, 3 ], "texture": "#all", "cullface": "down" },
				"south": { "uv": [ 7, 4, 9, 3 ], "texture": "#all", "cullface": "down" },
				"west": { "uv": [ 7, 3, 8, 4 ], "texture": "#all", "cullface": "down", "rotation": 180 },
				"east": { "uv": [ 8, 3, 9, 4 ], "texture": "#all", "cullface": "down", "rotation": 180 }
			}
		},
		{
			"__comment": "Cube1",
			"from": [ 10, -0.5, 9 ],
			"to": [ 12, 0, 11 ],
			"faces": {
				"down": { "uv": [ 10, 5, 12, 7 ], "texture": "#all", "cullface": "down" },
				"north": { "uv": [ 12, 7, 11, 5 ], "texture": "#all", "cullface": "down", "rotation": 270 },
				"south": { "uv": [ 12, 6, 10, 5 ], "texture": "#all", "cullface": "down", "rotation": 180 },
				"west": { "uv": [ 10, 5, 12, 6 ], "texture": "#all", "cullface": "down", "rotation": 180 },
				"east": { "uv": [ 11, 5, 12, 7 ], "texture": "#all", "cullface": "down", "rotation": 270 }
			}
		},
		{
			"__comment": "Cube1",
			"from": [ 5, -1, 9 ],
			"to": [ 7, 0, 11 ],
			"faces": {
				"down": { "uv": [ 5, 5, 7, 7 ], "texture": "#all", "cullface": "down" },
				"north": { "uv": [ 7, 7, 5, 6 ], "texture": "#all", "cullface": "down" },
				"south": { "uv": [ 5, 6, 7, 5 ], "texture": "#all", "cullface": "down" },
				"west": { "uv": [ 5, 5, 6, 7 ], "texture": "#all", "cullface": "down", "rotation": 90 },
				"east": { "uv": [ 6, 5, 7, 7 ], "texture": "#all", "cullface": "down", "rotation": 270 }
			}
		},
		{
			"__comment": "Cube1",
			"from": [ 8, -1, 6 ],
			"to": [ 10, 0, 8 ],
			"faces": {
				"down": { "uv": [ 8, 8, 10, 10 ], "texture": "#all", "cullface": "down" },
				"north": { "uv": [ 10, 10, 8, 9 ], "texture": "#all", "cullface": "down" },
				"south": { "uv": [ 8, 9, 10, 8 ], "texture": "#all", "cullface": "down" },
				"west": { "uv": [ 8, 8, 9, 10 ], "texture": "#all", "cullface": "down", "rotation": 90 },
				"east": { "uv": [ 9, 8, 10, 10 ], "texture": "#all", "cullface": "down", "rotation": 90 }
			}
		},
		{
			"__comment": "Cube1",
			"from": [ 11, -1, 3 ],
			"to": [ 13, 0, 5 ],
			"faces": {
				"down": { "uv": [ 11, 11, 13, 13 ], "texture": "#all", "cullface": "down" },
				"north": { "uv": [ 13, 13, 11, 12 ], "texture": "#all", "cullface": "down" },
				"south": { "uv": [ 11, 12, 13, 11 ], "texture": "#all", "cullface": "down" },
				"west": { "uv": [ 11, 11, 12, 13 ], "texture": "#all", "cullface": "down", "rotation": 90 },
				"east": { "uv": [ 12, 11, 13, 13 ], "texture": "#all", "cullface": "down", "rotation": 90 }
			}
		},
		{
			"__comment": "Cube1",
			"from": [ 9, -1, 2 ],
			"to": [ 11, 0, 4 ],
			"faces": {
				"down": { "uv": [ 9, 12, 11, 14 ], "texture": "#all", "cullface": "down" },
				"north": { "uv": [ 11, 14, 9, 13 ], "texture": "#all", "cullface": "down" },
				"south": { "uv": [ 11, 13, 9, 12 ], "texture": "#all", "cullface": "down" },
				"west": { "uv": [ 9, 12, 10, 14 ], "texture": "#all", "cullface": "down", "rotation": 90 },
				"east": { "uv": [ 10, 14, 11, 12 ], "texture": "#all", "cullface": "down", "rotation": 90 }
			}
		},
		{
			"__comment": "Cube1",
			"from": [ 8, -0.5, 3 ],
			"to": [ 9, 0, 4 ],
			"faces": {
				"down": { "uv": [ 8, 12, 9, 13 ], "texture": "#all", "cullface": "down" },
				"north": { "uv": [ 9, 13, 8, 12 ], "texture": "#all", "cullface": "down" },
				"south": { "uv": [ 9, 13, 8, 12 ], "texture": "#all", "cullface": "down" },
				"west": { "uv": [ 8, 12, 9, 13 ], "texture": "#all", "cullface": "down", "rotation": 180 },
				"east": { "uv": [ 8, 12, 9, 13 ], "texture": "#all", "cullface": "down", "rotation": 180 }
			}
		},
		{
			"__comment": "Cube1",
			"from": [ 7, -1, 6 ],
			"to": [ 8, 0, 7 ],
			"faces": {
				"down": { "uv": [ 7, 9, 8, 10 ], "texture": "#all", "cullface": "down" },
				"north": { "uv": [ 8, 10, 7, 9 ], "texture": "#all", "cullface": "down" },
				"south": { "uv": [ 8, 10, 7, 9 ], "texture": "#all", "cullface": "down" },
				"west": { "uv": [ 7, 9, 8, 10 ], "texture": "#all", "cullface": "down", "rotation": 180 },
				"east": { "uv": [ 7, 9, 8, 10 ], "texture": "#all", "cullface": "down", "rotation": 180 }
			}
		},
		{
			"__comment": "Cube1",
			"from": [ 10, -0.5, 6 ],
			"to": [ 11, 0, 7 ],
			"faces": {
				"down": { "uv": [ 10, 9, 11, 10 ], "texture": "#all", "cullface": "down" },
				"north": { "uv": [ 11, 10, 10, 9 ], "texture": "#all", "cullface": "down" },
				"south": { "uv": [ 11, 10, 10, 9 ], "texture": "#all", "cullface": "down" },
				"west": { "uv": [ 10, 9, 11, 10 ], "texture": "#all", "cullface": "down", "rotation": 180 },
				"east": { "uv": [ 10, 9, 11, 10 ], "texture": "#all", "cullface": "down", "rotation": 180 }
			}
		},
		{
			"__comment": "Cube1",
			"from": [ 13, -0.5, 3 ],
			"to": [ 14, 0, 4 ],
			"faces": {
				"down": { "uv": [ 13, 12, 14, 13 ], "texture": "#all", "cullface": "down" },
				"north": { "uv": [ 14, 13, 13, 12 ], "texture": "#all", "cullface": "down" },
				"south": { "uv": [ 14, 13, 13, 12 ], "texture": "#all", "cullface": "down" },
				"west": { "uv": [ 13, 12, 14, 13 ], "texture": "#all", "cullface": "down", "rotation": 180 },
				"east": { "uv": [ 13, 12, 14, 13 ], "texture": "#all", "cullface": "down", "rotation": 180 }
			}
		},
		{
			"__comment": "Cube1",
			"from": [ 4, -0.5, 5 ],
			"to": [ 5, 0, 6 ],
			"faces": {
				"down": { "uv": [ 4, 10, 5, 11 ], "texture": "#all", "cullface": "down" },
				"north": { "uv": [ 5, 11, 4, 10 ], "texture": "#all", "cullface": "down" },
				"south": { "uv": [ 5, 11, 4, 10 ], "texture": "#all", "cullface": "down" },
				"west": { "uv": [ 4, 10, 5, 11 ], "texture": "#all", "cullface": "down", "rotation": 180 },
				"east": { "uv": [ 4, 10, 5, 11 ], "texture": "#all", "cullface": "down", "rotation": 180 }
			}
		},
		{
			"__comment": "Cube1",
			"from": [ 3, -0.5, 9 ],
			"to": [ 5, 0, 10 ],
			"faces": {
				"down": { "uv": [ 3, 6, 5, 7 ], "texture": "#all", "cullface": "down" },
				"north": { "uv": [ 5, 7, 3, 6 ], "texture": "#all", "cullface": "down" },
				"south": { "uv": [ 5, 7, 3, 6 ], "texture": "#all", "cullface": "down" },
				"west": { "uv": [ 3, 6, 4, 7 ], "texture": "#all", "cullface": "down", "rotation": 180 },
				"east": { "uv": [ 4, 6, 5, 7 ], "texture": "#all", "cullface": "down", "rotation": 180 }
			}
		},
		{
			"__comment": "Cube1",
			"from": [ 7, 9, 16 ],
			"to": [ 8, 10, 17 ],
			"faces": {
				"down": { "uv": [ 7, 6, 8, 7 ], "texture": "#all", "cullface": "south" },
				"up": { "uv": [ 8, 7, 7, 6 ], "texture": "#all", "cullface": "south" },
				"south": { "uv": [ 7, 6, 8, 7 ], "texture": "#all", "cullface": "south" },
				"east": { "uv": [ 7, 6, 8, 7 ], "texture": "#all", "cullface": "south", "rotation": 270 }
			}
		},
		{
			"__comment": "Cube1",
			"from": [ 7, 12, 16 ],
			"to": [ 9, 13, 16.5 ],
			"faces": {
				"down": { "uv": [ 7, 3, 9, 4 ], "texture": "#all", "cullface": "south" },
				"up": { "uv": [ 7, 4, 9, 3 ], "texture": "#all", "cullface": "south" },
				"south": { "uv": [ 7, 3, 9, 4 ], "texture": "#all", "cullface": "south" },
				"west": { "uv": [ 7, 3, 8, 4 ], "texture": "#all", "cullface": "south", "rotation": 90 },
				"east": { "uv": [ 8, 3, 9, 4 ], "texture": "#all", "cullface": "south", "rotation": 270 }
			}
		},
		{
			"__comment": "Cube1",
			"from": [ 10, 9, 16 ],
			"to": [ 12, 11, 16.5 ],
			"faces": {
				"down": { "uv": [ 11, 5, 12, 7 ], "texture": "#all", "cullface": "south", "rotation": 270 },
				"up": { "uv": [ 12, 5, 10, 6 ], "texture": "#all", "cullface": "south", "rotation": 180 },
				"south": { "uv": [ 10, 5, 12, 7 ], "texture": "#all", "cullface": "south" },
				"west": { "uv": [ 10, 5, 11, 7 ], "texture": "#all", "cullface": "south" },
				"east": { "uv": [ 12, 5, 11, 7 ], "texture": "#all", "cullface": "south" }
			}
		},
		{
			"__comment": "Cube1",
			"from": [ 5, 9, 16 ],
			"to": [ 7, 11, 17 ],
			"faces": {
				"down": { "uv": [ 5, 6, 7, 7 ], "texture": "#all", "cullface": "south" },
				"up": { "uv": [ 5, 6, 7, 5 ], "texture": "#all", "cullface": "south" },
				"south": { "uv": [ 5, 5, 7, 7 ], "texture": "#all", "cullface": "south" },
				"west": { "uv": [ 5, 5, 6, 7 ], "texture": "#all", "cullface": "south" },
				"east": { "uv": [ 6, 5, 7, 7 ], "texture": "#all", "cullface": "south" }
			}
		},
		{
			"__comment": "Cube1",
			"from": [ 8, 6, 16 ],
			"to": [ 10, 8, 17 ],
			"faces": {
				"down": { "uv": [ 8, 9, 10, 10 ], "texture": "#all", "cullface": "south" },
				"up": { "uv": [ 8, 9, 10, 8 ], "texture": "#all", "cullface": "south" },
				"south": { "uv": [ 8, 8, 10, 10 ], "texture": "#all", "cullface": "south" },
				"west": { "uv": [ 8, 8, 9, 10 ], "texture": "#all", "cullface": "south" },
				"east": { "uv": [ 9, 8, 10, 10 ], "texture": "#all", "cullface": "south", "rotation": 180 }
			}
		},
		{
			"__comment": "Cube1",
			"from": [ 11, 3, 16.0002 ],
			"to": [ 13, 5, 17.0002 ],
			"faces": {
				"down": { "uv": [ 11, 12, 13, 13 ], "texture": "#all", "cullface": "south" },
				"up": { "uv": [ 11, 12, 13, 11 ], "texture": "#all", "cullface": "south" },
				"south": { "uv": [ 11, 11, 13, 13 ], "texture": "#all", "cullface": "south" },
				"west": { "uv": [ 11, 11, 12, 13 ], "texture": "#all", "cullface": "south" },
				"east": { "uv": [ 12, 13, 13, 11 ], "texture": "#all", "cullface": "south", "rotation": 180 }
			}
		},
		{
			"__comment": "Cube1",
			"from": [ 9, 2, 16.0002 ],
			"to": [ 11, 4, 17.0002 ],
			"faces": {
				"down": { "uv": [ 9, 13, 11, 14 ], "texture": "#all", "cullface": "south" },
				"up": { "uv": [ 9, 13, 11, 12 ], "texture": "#all", "cullface": "south" },
				"south": { "uv": [ 9, 12, 11, 14 ], "texture": "#all", "cullface": "south" },
				"west": { "uv": [ 9, 12, 10, 14 ], "texture": "#all", "cullface": "south" },
				"east": { "uv": [ 10, 12, 11, 14 ], "texture": "#all", "cullface": "south", "rotation": 180 }
			}
		},
		{
			"__comment": "Cube1",
			"from": [ 8, 3, 16 ],
			"to": [ 9, 4, 16.5 ],
			"faces": {
				"down": { "uv": [ 8, 12, 9, 13 ], "texture": "#all", "cullface": "south" },
				"up": { "uv": [ 9, 12, 8, 13 ], "texture": "#all", "cullface": "south", "rotation": 180 },
				"south": { "uv": [ 8, 12, 9, 13 ], "texture": "#all", "cullface": "south" },
				"west": { "uv": [ 8, 12, 9, 13 ], "texture": "#all", "cullface": "south", "rotation": 90 }
			}
		},
		{
			"__comment": "Cube1",
			"from": [ 7, 6, 16 ],
			"to": [ 8, 7, 17 ],
			"faces": {
				"down": { "uv": [ 7, 9, 8, 10 ], "texture": "#all", "cullface": "south" },
				"up": { "uv": [ 8, 10, 7, 9 ], "texture": "#all", "cullface": "south" },
				"south": { "uv": [ 7, 9, 8, 10 ], "texture": "#all", "cullface": "south" },
				"west": { "uv": [ 7, 9, 8, 10 ], "texture": "#all", "cullface": "south", "rotation": 90 }
			}
		},
		{
			"__comment": "Cube1",
			"from": [ 10, 6, 16 ],
			"to": [ 11, 7, 16.5 ],
			"faces": {
				"down": { "uv": [ 10, 9, 11, 10 ], "texture": "#all", "cullface": "south" },
				"up": { "uv": [ 11, 10, 10, 9 ], "texture": "#all", "cullface": "south" },
				"south": { "uv": [ 10, 9, 11, 10 ], "texture": "#all", "cullface": "south" },
				"east": { "uv": [ 10, 9, 11, 10 ], "texture": "#all", "cullface": "south", "rotation": 270 }
			}
		},
		{
			"__comment": "Cube1",
			"from": [ 13, 3, 16.0002 ],
			"to": [ 14, 4, 16.5002 ],
			"faces": {
				"down": { "uv": [ 13, 12, 14, 13 ], "texture": "#all", "cullface": "south" },
				"up": { "uv": [ 14, 13, 13, 12 ], "texture": "#all", "cullface": "south" },
				"south": { "uv": [ 13, 12, 14, 13 ], "texture": "#all", "cullface": "south" },
				"east": { "uv": [ 13, 12, 14, 13 ], "texture": "#all", "cullface": "south", "rotation": 270 }
			}
		},
		{
			"__comment": "Cube1",
			"from": [ 4, 5, 16 ],
			"to": [ 5, 6, 16.5 ],
			"faces": {
				"down": { "uv": [ 4, 10, 5, 11 ], "texture": "#all", "cullface": "south" },
				"up": { "uv": [ 5, 11, 4, 10 ], "texture": "#all", "cullface": "south" },
				"south": { "uv": [ 4, 10, 5, 11 ], "texture": "#all", "cullface": "south" },
				"west": { "uv": [ 4, 10, 5, 11 ], "texture": "#all", "cullface": "south", "rotation": 90 },
				"east": { "uv": [ 4, 10, 5, 11 ], "texture": "#all", "cullface": "south", "rotation": 270 }
			}
		},
		{
			"__comment": "Cube1",
			"from": [ 3, 9, 16 ],
			"to": [ 5, 10, 16.5 ],
			"faces": {
				"down": { "uv": [ 3, 6, 5, 7 ], "texture": "#all", "cullface": "south" },
				"up": { "uv": [ 3, 7, 5, 6 ], "texture": "#all", "cullface": "south" },
				"south": { "uv": [ 3, 6, 5, 7 ], "texture": "#all", "cullface": "south" },
				"west": { "uv": [ 3, 6, 4, 7 ], "texture": "#all", "cullface": "south", "rotation": 90 }
			}
		},
		{
			"__comment": "Cube1",
			"from": [ 16, 9, 8 ],
			"to": [ 17, 10, 9 ],
			"faces": {
				"down": { "uv": [ 7, 6, 8, 7 ], "texture": "#all", "cullface": "east", "rotation": 90 },
				"up": { "uv": [ 8, 7, 7, 6 ], "texture": "#all", "cullface": "east", "rotation": 270 },
				"north": { "uv": [ 7, 6, 8, 7 ], "texture": "#all", "cullface": "east", "rotation": 270 },
				"south": { "uv": [ 7, 6, 8, 7 ], "texture": "#all", "cullface": "east", "rotation": 90 },
				"east": { "uv": [ 7, 6, 8, 7 ], "texture": "#all", "cullface": "east" }
			}
		},
		{
			"__comment": "Cube1",
			"from": [ 16, 12, 7 ],
			"to": [ 16.5, 13, 9 ],
			"faces": {
				"down": { "uv": [ 7, 3, 9, 4 ], "texture": "#all", "cullface": "east", "rotation": 90 },
				"up": { "uv": [ 7, 4, 9, 3 ], "texture": "#all", "cullface": "east", "rotation": 270 },
				"north": { "uv": [ 8, 3, 9, 4 ], "texture": "#all", "cullface": "east", "rotation": 270 },
				"south": { "uv": [ 7, 3, 8, 4 ], "texture": "#all", "cullface": "east", "rotation": 90 },
				"east": { "uv": [ 7, 3, 9, 4 ], "texture": "#all", "cullface": "east" }
			}
		},
		{
			"__comment": "Cube1",
			"from": [ 16, 9, 4 ],
			"to": [ 16.5, 11, 6 ],
			"faces": {
				"down": { "uv": [ 11, 5, 12, 7 ], "texture": "#all", "cullface": "east" },
				"up": { "uv": [ 12, 6, 10, 5 ], "texture": "#all", "cullface": "east", "rotation": 90 },
				"north": { "uv": [ 11, 5, 12, 7 ], "texture": "#all", "cullface": "east" },
				"south": { "uv": [ 10, 5, 12, 6 ], "texture": "#all", "cullface": "east", "rotation": 90 },
				"east": { "uv": [ 10, 5, 12, 7 ], "texture": "#all", "cullface": "east" }
			}
		},
		{
			"__comment": "Cube1",
			"from": [ 16, 9, 9 ],
			"to": [ 17, 11, 11 ],
			"faces": {
				"down": { "uv": [ 5, 6, 7, 7 ], "texture": "#all", "cullface": "east", "rotation": 90 },
				"up": { "uv": [ 5, 6, 7, 5 ], "texture": "#all", "cullface": "east", "rotation": 270 },
				"north": { "uv": [ 6, 5, 7, 7 ], "texture": "#all", "cullface": "east" },
				"south": { "uv": [ 5, 5, 6, 7 ], "texture": "#all", "cullface": "east" },
				"east": { "uv": [ 5, 5, 7, 7 ], "texture": "#all", "cullface": "east" }
			}
		},
		{
			"__comment": "Cube1",
			"from": [ 16, 6, 6 ],
			"to": [ 17, 8, 8 ],
			"faces": {
				"down": { "uv": [ 8, 9, 10, 10 ], "texture": "#all", "cullface": "east", "rotation": 90 },
				"up": { "uv": [ 8, 9, 10, 8 ], "texture": "#all", "cullface": "east", "rotation": 270 },
				"north": { "uv": [ 9, 8, 10, 10 ], "texture": "#all", "cullface": "east" },
				"south": { "uv": [ 8, 8, 9, 10 ], "texture": "#all", "cullface": "east" },
				"east": { "uv": [ 8, 8, 10, 10 ], "texture": "#all", "cullface": "east" }
			}
		},
		{
			"__comment": "Cube1",
			"from": [ 16.0002, 3, 3 ],
			"to": [ 17.0002, 5, 5 ],
			"faces": {
				"down": { "uv": [ 11, 12, 13, 13 ], "texture": "#all", "cullface": "east", "rotation": 90 },
				"up": { "uv": [ 11, 12, 13, 11 ], "texture": "#all", "cullface": "east", "rotation": 270 },
				"north": { "uv": [ 12, 11, 13, 13 ], "texture": "#all", "cullface": "east" },
				"south": { "uv": [ 11, 11, 12, 13 ], "texture": "#all", "cullface": "east" },
				"east": { "uv": [ 11, 11, 13, 13 ], "texture": "#all", "cullface": "east" }
			}
		},
		{
			"__comment": "Cube1",
			"from": [ 16.0002, 2, 5 ],
			"to": [ 17.0002, 4, 7 ],
			"faces": {
				"down": { "uv": [ 9, 13, 11, 14 ], "texture": "#all", "cullface": "east", "rotation": 90 },
				"up": { "uv": [ 9, 13, 11, 12 ], "texture": "#all", "cullface": "east", "rotation": 270 },
				"north": { "uv": [ 10, 12, 11, 14 ], "texture": "#all", "cullface": "east", "rotation": 180 },
				"south": { "uv": [ 9, 12, 10, 14 ], "texture": "#all", "cullface": "east" },
				"east": { "uv": [ 9, 12, 11, 14 ], "texture": "#all", "cullface": "east" }
			}
		},
		{
			"__comment": "Cube1",
			"from": [ 16.0002, 3, 7 ],
			"to": [ 16.5002, 4, 8 ],
			"faces": {
				"down": { "uv": [ 8, 12, 9, 13 ], "texture": "#all", "cullface": "east", "rotation": 90 },
				"up": { "uv": [ 9, 13, 8, 12 ], "texture": "#all", "cullface": "east", "rotation": 270 },
				"north": { "uv": [ 8, 12, 9, 13 ], "texture": "#all", "cullface": "east", "rotation": 270 },
				"south": { "uv": [ 8, 12, 9, 13 ], "texture": "#all", "cullface": "east", "rotation": 90 },
				"east": { "uv": [ 8, 12, 9, 13 ], "texture": "#all", "cullface": "east" }
			}
		},
		{
			"__comment": "Cube1",
			"from": [ 16, 6, 8 ],
			"to": [ 17, 7, 9 ],
			"faces": {
				"down": { "uv": [ 7, 9, 8, 10 ], "texture": "#all", "cullface": "east", "rotation": 90 },
				"up": { "uv": [ 8, 10, 7, 9 ], "texture": "#all", "cullface": "east", "rotation": 270 },
				"north": { "uv": [ 7, 9, 8, 10 ], "texture": "#all", "cullface": "east", "rotation": 270 },
				"south": { "uv": [ 7, 9, 8, 10 ], "texture": "#all", "cullface": "east", "rotation": 90 },
				"east": { "uv": [ 7, 9, 8, 10 ], "texture": "#all", "cullface": "east" }
			}
		},
		{
			"__comment": "Cube1",
			"from": [ 16, 6, 5 ],
			"to": [ 16.5, 7, 6 ],
			"faces": {
				"down": { "uv": [ 10, 9, 11, 10 ], "texture": "#all", "cullface": "east", "rotation": 90 },
				"up": { "uv": [ 11, 10, 10, 9 ], "texture": "#all", "cullface": "east", "rotation": 270 },
				"north": { "uv": [ 10, 9, 11, 10 ], "texture": "#all", "cullface": "east", "rotation": 270 },
				"south": { "uv": [ 10, 9, 11, 10 ], "texture": "#all", "cullface": "east", "rotation": 90 },
				"east": { "uv": [ 10, 9, 11, 10 ], "texture": "#all", "cullface": "east" }
			}
		},
		{
			"__comment": "Cube1",
			"from": [ 16.0002, 3, 2 ],
			"to": [ 16.5002, 4, 3 ],
			"faces": {
				"down": { "uv": [ 13, 12, 14, 13 ], "texture": "#all", "cullface": "east", "rotation": 90 },
				"up": { "uv": [ 14, 13, 13, 12 ], "texture": "#all", "cullface": "east", "rotation": 270 },
				"north": { "uv": [ 13, 12, 14, 13 ], "texture": "#all", "cullface": "east", "rotation": 270 },
				"south": { "uv": [ 13, 12, 14, 13 ], "texture": "#all", "cullface": "east", "rotation": 90 },
				"east": { "uv": [ 13, 12, 14, 13 ], "texture": "#all", "cullface": "east" }
			}
		},
		{
			"__comment": "Cube1",
			"from": [ 16, 5, 11 ],
			"to": [ 16.5, 6, 12 ],
			"faces": {
				"down": { "uv": [ 4, 10, 5, 11 ], "texture": "#all", "cullface": "east", "rotation": 90 },
				"up": { "uv": [ 5, 11, 4, 10 ], "texture": "#all", "cullface": "east", "rotation": 270 },
				"north": { "uv": [ 4, 10, 5, 11 ], "texture": "#all", "cullface": "east", "rotation": 270 },
				"south": { "uv": [ 4, 10, 5, 11 ], "texture": "#all", "cullface": "east", "rotation": 90 },
				"east": { "uv": [ 4, 10, 5, 11 ], "texture": "#all", "cullface": "east" }
			}
		},
		{
			"__comment": "Cube1",
			"from": [ 16, 9, 11 ],
			"to": [ 16.5, 10, 13 ],
			"faces": {
				"down": { "uv": [ 3, 6, 5, 7 ], "texture": "#all", "cullface": "east", "rotation": 90 },
				"up": { "uv": [ 3, 7, 5, 6 ], "texture": "#all", "cullface": "east", "rotation": 270 },
				"north": { "uv": [ 4, 6, 5, 7 ], "texture": "#all", "cullface": "east", "rotation": 270 },
				"south": { "uv": [ 3, 6, 4, 7 ], "texture": "#all", "cullface": "east", "rotation": 90 },
				"east": { "uv": [ 3, 6, 5, 7 ], "texture": "#all", "cullface": "east" }
			}
		},
		{
			"__comment": "Cube1",
			"from": [ -1, 9, 7 ],
			"to": [ 0, 10, 8 ],
			"faces": {
				"down": { "uv": [ 7, 6, 8, 7 ], "texture": "#all", "cullface": "west", "rotation": 270 },
				"up": { "uv": [ 7, 7, 8, 6 ], "texture": "#all", "cullface": "west", "rotation": 90 },
				"north": { "uv": [ 7, 6, 8, 7 ], "texture": "#all", "cullface": "west", "rotation": 90 },
				"south": { "uv": [ 7, 6, 8, 7 ], "texture": "#all", "cullface": "west", "rotation": 270 },
				"west": { "uv": [ 7, 6, 8, 7 ], "texture": "#all", "cullface": "west" }
			}
		},
		{
			"__comment": "Cube1",
			"from": [ -0.5, 12, 7 ],
			"to": [ 0, 13, 9 ],
			"faces": {
				"down": { "uv": [ 7, 3, 9, 4 ], "texture": "#all", "cullface": "west", "rotation": 270 },
				"up": { "uv": [ 7, 4, 9, 3 ], "texture": "#all", "cullface": "west", "rotation": 90 },
				"north": { "uv": [ 7, 3, 8, 4 ], "texture": "#all", "cullface": "west", "rotation": 90 },
				"south": { "uv": [ 8, 3, 9, 4 ], "texture": "#all", "cullface": "west", "rotation": 270 },
				"west": { "uv": [ 7, 3, 9, 4 ], "texture": "#all", "cullface": "west" }
			}
		},
		{
			"__comment": "Cube1",
			"from": [ -0.5, 9, 10 ],
			"to": [ 0, 11, 12 ],
			"faces": {
				"down": { "uv": [ 12, 6, 10, 7 ], "texture": "#all", "cullface": "west", "rotation": 90 },
				"up": { "uv": [ 12, 5, 10, 6 ], "texture": "#all", "cullface": "west", "rotation": 270 },
				"north": { "uv": [ 11, 5, 10, 7 ], "texture": "#all", "cullface": "west" },
				"south": { "uv": [ 11, 7, 12, 5 ], "texture": "#all", "cullface": "west", "rotation": 180 },
				"west": { "uv": [ 10, 5, 12, 7 ], "texture": "#all", "cullface": "west" }
			}
		},
		{
			"__comment": "Cube1",
			"from": [ -1, 9, 5 ],
			"to": [ 0, 11, 7 ],
			"faces": {
				"down": { "uv": [ 5, 6, 7, 7 ], "texture": "#all", "cullface": "west", "rotation": 270 },
				"up": { "uv": [ 5, 6, 7, 5 ], "texture": "#all", "cullface": "west", "rotation": 90 },
				"north": { "uv": [ 5, 5, 6, 7 ], "texture": "#all", "cullface": "west" },
				"south": { "uv": [ 6, 5, 7, 6 ], "texture": "#all", "cullface": "west", "rotation": 270 },
				"west": { "uv": [ 5, 5, 7, 7 ], "texture": "#all", "cullface": "west" }
			}
		},
		{
			"__comment": "Cube1",
			"from": [ -1, 6, 8 ],
			"to": [ 0, 8, 10 ],
			"faces": {
				"down": { "uv": [ 8, 9, 10, 10 ], "texture": "#all", "cullface": "west", "rotation": 270 },
				"up": { "uv": [ 8, 9, 10, 8 ], "texture": "#all", "cullface": "west", "rotation": 90 },
				"north": { "uv": [ 9, 8, 8, 10 ], "texture": "#all", "cullface": "west" },
				"south": { "uv": [ 9, 8, 10, 10 ], "texture": "#all", "cullface": "west", "rotation": 180 },
				"west": { "uv": [ 8, 8, 10, 10 ], "texture": "#all", "cullface": "west" }
			}
		},
		{
			"__comment": "Cube1",
			"from": [ -1.0003, 3, 11 ],
			"to": [ -0.0002993345, 5, 13 ],
			"faces": {
				"down": { "uv": [ 11, 12, 13, 13 ], "texture": "#all", "cullface": "west", "rotation": 270 },
				"up": { "uv": [ 11, 12, 13, 11 ], "texture": "#all", "cullface": "west", "rotation": 90 },
				"north": { "uv": [ 11, 11, 12, 13 ], "texture": "#all", "cullface": "west" },
				"south": { "uv": [ 12, 13, 13, 11 ], "texture": "#all", "cullface": "west", "rotation": 180 },
				"west": { "uv": [ 11, 11, 13, 13 ], "texture": "#all", "cullface": "west" }
			}
		},
		{
			"__comment": "Cube1",
			"from": [ -1.0002, 2, 9 ],
			"to": [ -0.0002000332, 4, 11 ],
			"faces": {
				"down": { "uv": [ 9, 13, 11, 14 ], "texture": "#all", "cullface": "west", "rotation": 270 },
				"up": { "uv": [ 9, 13, 11, 12 ], "texture": "#all", "cullface": "west", "rotation": 90 },
				"north": { "uv": [ 9, 12, 10, 14 ], "texture": "#all", "cullface": "west" },
				"south": { "uv": [ 10, 14, 11, 12 ], "texture": "#all", "cullface": "west", "rotation": 180 },
				"west": { "uv": [ 9, 12, 11, 14 ], "texture": "#all", "cullface": "west" }
			}
		},
		{
			"__comment": "Cube1",
			"from": [ -0.5, 3, 8 ],
			"to": [ 0, 4, 9 ],
			"faces": {
				"down": { "uv": [ 8, 12, 9, 13 ], "texture": "#all", "cullface": "west", "rotation": 270 },
				"up": { "uv": [ 8, 13, 9, 12 ], "texture": "#all", "cullface": "west", "rotation": 90 },
				"north": { "uv": [ 8, 12, 9, 13 ], "texture": "#all", "cullface": "west", "rotation": 90 },
				"south": { "uv": [ 8, 12, 9, 13 ], "texture": "#all", "cullface": "west", "rotation": 270 },
				"west": { "uv": [ 8, 12, 9, 13 ], "texture": "#all", "cullface": "west" }
			}
		},
		{
			"__comment": "Cube1",
			"from": [ -1, 6, 7 ],
			"to": [ 0, 7, 8 ],
			"faces": {
				"down": { "uv": [ 7, 9, 8, 10 ], "texture": "#all", "cullface": "west", "rotation": 270 },
				"up": { "uv": [ 7, 10, 8, 9 ], "texture": "#all", "cullface": "west", "rotation": 90 },
				"north": { "uv": [ 7, 9, 8, 10 ], "texture": "#all", "cullface": "west", "rotation": 90 },
				"south": { "uv": [ 7, 9, 8, 10 ], "texture": "#all", "cullface": "west", "rotation": 270 },
				"west": { "uv": [ 7, 9, 8, 10 ], "texture": "#all", "cullface": "west" }
			}
		},
		{
			"__comment": "Cube1",
			"from": [ -0.5, 6, 10 ],
			"to": [ 0, 7, 11 ],
			"faces": {
				"down": { "uv": [ 10, 9, 11, 10 ], "texture": "#all", "cullface": "west", "rotation": 270 },
				"up": { "uv": [ 11, 10, 10, 9 ], "texture": "#all", "cullface": "west", "rotation": 90 },
				"north": { "uv": [ 10, 9, 11, 10 ], "texture": "#all", "cullface": "west", "rotation": 90 },
				"south": { "uv": [ 10, 9, 11, 10 ], "texture": "#all", "cullface": "west", "rotation": 270 },
				"west": { "uv": [ 10, 9, 11, 10 ], "texture": "#all", "cullface": "west" }
			}
		},
		{
			"__comment": "Cube1",
			"from": [ -0.5, 3, 13 ],
			"to": [ 0, 4, 14 ],
			"faces": {
				"down": { "uv": [ 13, 12, 14, 13 ], "texture": "#all", "cullface": "west", "rotation": 270 },
				"up": { "uv": [ 13, 13, 14, 12 ], "texture": "#all", "cullface": "west", "rotation": 90 },
				"north": { "uv": [ 13, 12, 14, 13 ], "texture": "#all", "cullface": "west", "rotation": 90 },
				"south": { "uv": [ 13, 12, 14, 13 ], "texture": "#all", "cullface": "west", "rotation": 270 },
				"west": { "uv": [ 13, 12, 14, 13 ], "texture": "#all", "cullface": "west" }
			}
		},
		{
			"__comment": "Cube1",
			"from": [ -0.5, 5, 4 ],
			"to": [ 0, 6, 5 ],
			"faces": {
				"down": { "uv": [ 4, 10, 5, 11 ], "texture": "#all", "cullface": "west", "rotation": 270 },
				"up": { "uv": [ 4, 11, 5, 10 ], "texture": "#all", "cullface": "west", "rotation": 90 },
				"north": { "uv": [ 4, 10, 5, 11 ], "texture": "#all", "cullface": "west", "rotation": 90 },
				"south": { "uv": [ 4, 10, 5, 11 ], "texture": "#all", "cullface": "west", "rotation": 270 },
				"west": { "uv": [ 4, 10, 5, 11 ], "texture": "#all", "cullface": "west" }
			}
		},
		{
			"__comment": "Cube1",
			"from": [ -0.5, 9, 3 ],
			"to": [ 0, 10, 5 ],
			"faces": {
				"down": { "uv": [ 3, 6, 5, 7 ], "texture": "#all", "cullface": "west", "rotation": 270 },
				"up": { "uv": [ 3, 7, 5, 6 ], "texture": "#all", "cullface": "west", "rotation": 90 },
				"north": { "uv": [ 3, 6, 4, 7 ], "texture": "#all", "cullface": "west", "rotation": 90 },
				"south": { "uv": [ 4, 6, 5, 7 ], "texture": "#all", "cullface": "west", "rotation": 270 },
				"west": { "uv": [ 3, 6, 5, 7 ], "texture": "#all", "cullface": "west" }
			}
		},
		{
			"__comment": "Cube1",
			"from": [ 8, 9, -1 ],
			"to": [ 9, 10, 0 ],
			"faces": {
				"down": { "uv": [ 8, 7, 7, 6 ], "texture": "#all", "cullface": "north" },
				"up": { "uv": [ 7, 6, 8, 7 ], "texture": "#all", "cullface": "north" },
				"north": { "uv": [ 8, 7, 7, 6 ], "texture": "#all", "cullface": "north", "rotation": 180 },
				"west": { "uv": [ 7, 6, 8, 7 ], "texture": "#all", "cullface": "north", "rotation": 270 }
			}
		},
		{
			"__comment": "Cube1",
			"from": [ 7, 12, -0.5 ],
			"to": [ 9, 13, 0 ],
			"faces": {
				"down": { "uv": [ 9, 4, 7, 3 ], "texture": "#all", "cullface": "north" },
				"up": { "uv": [ 9, 3, 7, 4 ], "texture": "#all", "cullface": "north" },
				"north": { "uv": [ 9, 4, 7, 3 ], "texture": "#all", "cullface": "north", "rotation": 180 },
				"west": { "uv": [ 8, 3, 9, 4 ], "texture": "#all", "cullface": "north", "rotation": 270 },
				"east": { "uv": [ 7, 3, 8, 4 ], "texture": "#all", "cullface": "north", "rotation": 90 }
			}
		},
		{
			"__comment": "Cube1",
			"from": [ 4, 9, -0.5 ],
			"to": [ 6, 11, 0 ],
			"faces": {
				"down": { "uv": [ 12, 7, 11, 5 ], "texture": "#all", "cullface": "north", "rotation": 270 },
				"up": { "uv": [ 10, 6, 12, 5 ], "texture": "#all", "cullface": "north", "rotation": 180 },
				"north": { "uv": [ 12, 7, 10, 5 ], "texture": "#all", "cullface": "north", "rotation": 180 },
				"west": { "uv": [ 12, 5, 11, 7 ], "texture": "#all", "cullface": "north" },
				"east": { "uv": [ 10, 5, 12, 6 ], "texture": "#all", "cullface": "north", "rotation": 90 }
			}
		},
		{
			"__comment": "Cube1",
			"from": [ 9, 9, -1 ],
			"to": [ 11, 11, 0 ],
			"faces": {
				"down": { "uv": [ 7, 7, 5, 6 ], "texture": "#all", "cullface": "north" },
				"up": { "uv": [ 7, 5, 5, 6 ], "texture": "#all", "cullface": "north" },
				"north": { "uv": [ 7, 7, 5, 5 ], "texture": "#all", "cullface": "north", "rotation": 180 },
				"west": { "uv": [ 7, 5, 6, 7 ], "texture": "#all", "cullface": "north" },
				"east": { "uv": [ 5, 5, 6, 7 ], "texture": "#all", "cullface": "north" }
			}
		},
		{
			"__comment": "Cube1",
			"from": [ 6, 6, -1 ],
			"to": [ 8, 8, 0 ],
			"faces": {
				"down": { "uv": [ 10, 10, 8, 9 ], "texture": "#all", "cullface": "north" },
				"up": { "uv": [ 8, 8, 10, 9 ], "texture": "#all", "cullface": "north" },
				"north": { "uv": [ 10, 10, 8, 8 ], "texture": "#all", "cullface": "north", "rotation": 180 },
				"west": { "uv": [ 9, 8, 10, 10 ], "texture": "#all", "cullface": "north", "rotation": 180 },
				"east": { "uv": [ 8, 8, 9, 10 ], "texture": "#all", "cullface": "north" }
			}
		},
		{
			"__comment": "Cube1",
			"from": [ 3, 3, -1.0001 ],
			"to": [ 5, 5, -0.0001000166 ],
			"faces": {
				"down": { "uv": [ 13, 13, 11, 12 ], "texture": "#all", "cullface": "north" },
				"up": { "uv": [ 13, 11, 11, 12 ], "texture": "#all", "cullface": "north" },
				"north": { "uv": [ 13, 13, 11, 11 ], "texture": "#all", "cullface": "north", "rotation": 180 },
				"west": { "uv": [ 12, 11, 13, 13 ], "texture": "#all", "cullface": "north", "rotation": 180 },
				"east": { "uv": [ 11, 11, 12, 13 ], "texture": "#all", "cullface": "north" }
			}
		},
		{
			"__comment": "Cube1",
			"from": [ 5, 2, -1.0001 ],
			"to": [ 7, 4, -0.0001000166 ],
			"faces": {
				"down": { "uv": [ 11, 14, 9, 13 ], "texture": "#all", "cullface": "north" },
				"up": { "uv": [ 11, 12, 9, 13 ], "texture": "#all", "cullface": "north" },
				"north": { "uv": [ 11, 14, 9, 12 ], "texture": "#all", "cullface": "north", "rotation": 180 },
				"west": { "uv": [ 10, 12, 11, 14 ], "texture": "#all", "cullface": "north", "rotation": 180 },
				"east": { "uv": [ 9, 12, 10, 14 ], "texture": "#all", "cullface": "north" }
			}
		},
		{
			"__comment": "Cube1",
			"from": [ 7, 3, -0.5 ],
			"to": [ 8, 4, 0 ],
			"faces": {
				"down": { "uv": [ 9, 13, 8, 12 ], "texture": "#all", "cullface": "north" },
				"up": { "uv": [ 9, 12, 8, 13 ], "texture": "#all", "cullface": "north" },
				"north": { "uv": [ 9, 13, 8, 12 ], "texture": "#all", "cullface": "north", "rotation": 180 },
				"east": { "uv": [ 8, 12, 9, 13 ], "texture": "#all", "cullface": "north", "rotation": 90 }
			}
		},
		{
			"__comment": "Cube1",
			"from": [ 8, 6, -1 ],
			"to": [ 9, 7, 0 ],
			"faces": {
				"down": { "uv": [ 8, 10, 7, 9 ], "texture": "#all", "cullface": "north" },
				"up": { "uv": [ 7, 9, 8, 10 ], "texture": "#all", "cullface": "north" },
				"north": { "uv": [ 8, 10, 7, 9 ], "texture": "#all", "cullface": "north", "rotation": 180 },
				"east": { "uv": [ 7, 9, 8, 10 ], "texture": "#all", "cullface": "north", "rotation": 90 }
			}
		},
		{
			"__comment": "Cube1",
			"from": [ 5, 6, -0.5 ],
			"to": [ 6, 7, 0 ],
			"faces": {
				"down": { "uv": [ 11, 10, 10, 9 ], "texture": "#all", "cullface": "north" },
				"up": { "uv": [ 10, 9, 11, 10 ], "texture": "#all", "cullface": "north" },
				"north": { "uv": [ 11, 10, 10, 9 ], "texture": "#all", "cullface": "north", "rotation": 180 },
				"west": { "uv": [ 10, 9, 11, 10 ], "texture": "#all", "cullface": "north", "rotation": 270 }
			}
		},
		{
			"__comment": "Cube1",
			"from": [ 2, 3, -0.5 ],
			"to": [ 3, 4, 0 ],
			"faces": {
				"down": { "uv": [ 14, 13, 13, 12 ], "texture": "#all", "cullface": "north" },
				"up": { "uv": [ 14, 12, 13, 13 ], "texture": "#all", "cullface": "north" },
				"north": { "uv": [ 14, 13, 13, 12 ], "texture": "#all", "cullface": "north", "rotation": 180 },
				"west": { "uv": [ 13, 12, 14, 13 ], "texture": "#all", "cullface": "north", "rotation": 270 }
			}
		},
		{
			"__comment": "Cube1",
			"from": [ 11, 5, -0.5 ],
			"to": [ 12, 6, 0 ],
			"faces": {
				"down": { "uv": [ 5, 11, 4, 10 ], "texture": "#all", "cullface": "north" },
				"up": { "uv": [ 4, 10, 5, 11 ], "texture": "#all", "cullface": "north" },
				"north": { "uv": [ 4, 11, 5, 10 ], "texture": "#all", "cullface": "north", "rotation": 180 },
				"west": { "uv": [ 4, 10, 5, 11 ], "texture": "#all", "cullface": "north", "rotation": 270 },
				"east": { "uv": [ 4, 10, 5, 11 ], "texture": "#all", "cullface": "north", "rotation": 90 }
			}
		},
		{
			"__comment": "Cube1",
			"from": [ 11, 9, -0.5 ],
			"to": [ 13, 10, 0 ],
			"faces": {
				"down": { "uv": [ 5, 7, 3, 6 ], "texture": "#all", "cullface": "north" },
				"up": { "uv": [ 5, 6, 3, 7 ], "texture": "#all", "cullface": "north" },
				"north": { "uv": [ 5, 7, 3, 6 ], "texture": "#all", "cullface": "north", "rotation": 180 },
				"east": { "uv": [ 3, 6, 4, 7 ], "texture": "#all", "cullface": "north", "rotation": 90 }
			}
		},
		{
			"__comment": "Cube1",
			"from": [ 7, 16, 6 ],
			"to": [ 8, 17, 7 ],
			"faces": {
				"up": { "uv": [ 7, 6, 8, 7 ], "texture": "#all", "cullface": "up" },
				"north": { "uv": [ 7, 6, 8, 7 ], "texture": "#all", "cullface": "up" },
				"south": { "uv": [ 7, 7, 8, 6 ], "texture": "#all", "cullface": "up" },
				"east": { "uv": [ 7, 6, 8, 7 ], "texture": "#all", "cullface": "up" }
			}
		},
		{
			"__comment": "Cube1",
			"from": [ 7, 16, 3 ],
			"to": [ 9, 16.5, 4 ],
			"faces": {
				"up": { "uv": [ 7, 3, 9, 4 ], "texture": "#all", "cullface": "up" },
				"north": { "uv": [ 9, 3, 7, 4 ], "texture": "#all", "cullface": "up" },
				"south": { "uv": [ 7, 3, 9, 4 ], "texture": "#all", "cullface": "up" },
				"west": { "uv": [ 7, 3, 8, 4 ], "texture": "#all", "cullface": "up" },
				"east": { "uv": [ 8, 3, 9, 4 ], "texture": "#all", "cullface": "up" }
			}
		},
		{
			"__comment": "Cube1",
			"from": [ 10, 16, 5 ],
			"to": [ 12, 16.5, 7 ],
			"faces": {
				"up": { "uv": [ 10, 5, 12, 7 ], "texture": "#all", "cullface": "up" },
				"north": { "uv": [ 10, 6, 12, 5 ], "texture": "#all", "cullface": "up", "rotation": 180 },
				"south": { "uv": [ 11, 5, 12, 7 ], "texture": "#all", "cullface": "up", "rotation": 270 },
				"west": { "uv": [ 10, 5, 12, 6 ], "texture": "#all", "cullface": "up" },
				"east": { "uv": [ 11, 5, 12, 7 ], "texture": "#all", "cullface": "up", "rotation": 90 }
			}
		},
		{
			"__comment": "Cube1",
			"from": [ 5, 16, 5 ],
			"to": [ 7, 17, 7 ],
			"faces": {
				"up": { "uv": [ 5, 5, 7, 7 ], "texture": "#all", "cullface": "up" },
				"north": { "uv": [ 7, 5, 5, 6 ], "texture": "#all", "cullface": "up" },
				"south": { "uv": [ 5, 7, 7, 6 ], "texture": "#all", "cullface": "up" },
				"west": { "uv": [ 5, 5, 6, 7 ], "texture": "#all", "cullface": "up", "rotation": 270 },
				"east": { "uv": [ 6, 5, 7, 7 ], "texture": "#all", "cullface": "up", "rotation": 90 }
			}
		},
		{
			"__comment": "Cube1",
			"from": [ 8, 16, 8 ],
			"to": [ 10, 17, 10 ],
			"faces": {
				"up": { "uv": [ 8, 8, 10, 10 ], "texture": "#all", "cullface": "up" },
				"north": { "uv": [ 10, 8, 8, 9 ], "texture": "#all", "cullface": "up" },
				"south": { "uv": [ 8, 9, 10, 10 ], "texture": "#all", "cullface": "up" },
				"west": { "uv": [ 8, 8, 9, 10 ], "texture": "#all", "cullface": "up", "rotation": 270 },
				"east": { "uv": [ 9, 10, 10, 8 ], "texture": "#all", "cullface": "up", "rotation": 270 }
			}
		},
		{
			"__comment": "Cube1",
			"from": [ 11, 16, 11 ],
			"to": [ 13, 17, 13 ],
			"faces": {
				"up": { "uv": [ 11, 11, 13, 13 ], "texture": "#all", "cullface": "up" },
				"north": { "uv": [ 13, 11, 11, 12 ], "texture": "#all", "cullface": "up" },
				"south": { "uv": [ 11, 12, 13, 13 ], "texture": "#all", "cullface": "up" },
				"west": { "uv": [ 11, 11, 12, 13 ], "texture": "#all", "cullface": "up", "rotation": 270 },
				"east": { "uv": [ 12, 13, 13, 11 ], "texture": "#all", "cullface": "up", "rotation": 270 }
			}
		},
		{
			"__comment": "Cube1",
			"from": [ 9, 16, 12 ],
			"to": [ 11, 17, 14 ],
			"faces": {
				"up": { "uv": [ 9, 12, 11, 14 ], "texture": "#all", "cullface": "up" },
				"north": { "uv": [ 11, 12, 9, 13 ], "texture": "#all", "cullface": "up" },
				"south": { "uv": [ 9, 13, 11, 14 ], "texture": "#all", "cullface": "up" },
				"west": { "uv": [ 9, 12, 10, 14 ], "texture": "#all", "cullface": "up", "rotation": 270 },
				"east": { "uv": [ 10, 14, 11, 12 ], "texture": "#all", "cullface": "up", "rotation": 270 }
			}
		},
		{
			"__comment": "Cube1",
			"from": [ 8, 16, 12 ],
			"to": [ 9, 16.5, 13 ],
			"faces": {
				"up": { "uv": [ 8, 12, 9, 13 ], "texture": "#all", "cullface": "up" },
				"north": { "uv": [ 8, 12, 9, 13 ], "texture": "#all", "cullface": "up" },
				"south": { "uv": [ 8, 12, 9, 13 ], "texture": "#all", "cullface": "up" },
				"west": { "uv": [ 8, 12, 9, 13 ], "texture": "#all", "cullface": "up" },
				"east": { "uv": [ 8, 12, 9, 13 ], "texture": "#all", "cullface": "up" }
			}
		},
		{
			"__comment": "Cube1",
			"from": [ 7, 16, 9 ],
			"to": [ 8, 17, 10 ],
			"faces": {
				"up": { "uv": [ 7, 9, 8, 10 ], "texture": "#all", "cullface": "up" },
				"north": { "uv": [ 7, 9, 8, 10 ], "texture": "#all", "cullface": "up" },
				"south": { "uv": [ 7, 9, 8, 10 ], "texture": "#all", "cullface": "up" },
				"west": { "uv": [ 7, 9, 8, 10 ], "texture": "#all", "cullface": "up" }
			}
		},
		{
			"__comment": "Cube1",
			"from": [ 10, 16, 9 ],
			"to": [ 11, 16.5, 10 ],
			"faces": {
				"up": { "uv": [ 10, 9, 11, 10 ], "texture": "#all", "cullface": "up" },
				"north": { "uv": [ 10, 9, 11, 10 ], "texture": "#all", "cullface": "up" },
				"south": { "uv": [ 10, 9, 11, 10 ], "texture": "#all", "cullface": "up" },
				"east": { "uv": [ 10, 9, 11, 10 ], "texture": "#all", "cullface": "up" }
			}
		},
		{
			"__comment": "Cube1",
			"from": [ 13, 16, 12 ],
			"to": [ 14, 16.5, 13 ],
			"faces": {
				"up": { "uv": [ 13, 12, 14, 13 ], "texture": "#all", "cullface": "up" },
				"north": { "uv": [ 13, 12, 14, 13 ], "texture": "#all", "cullface": "up" },
				"south": { "uv": [ 13, 12, 14, 13 ], "texture": "#all", "cullface": "up" },
				"east": { "uv": [ 13, 12, 14, 13 ], "texture": "#all", "cullface": "up" }
			}
		},
		{
			"__comment": "Cube1",
			"from": [ 4, 16, 10 ],
			"to": [ 5, 16.5, 11 ],
			"faces": {
				"up": { "uv": [ 4, 10, 5, 11 ], "texture": "#all", "cullface": "up" },
				"north": { "uv": [ 4, 10, 5, 11 ], "texture": "#all", "cullface": "up" },
				"south": { "uv": [ 4, 10, 5, 11 ], "texture": "#all", "cullface": "up" },
				"west": { "uv": [ 4, 10, 5, 11 ], "texture": "#all", "cullface": "up" },
				"east": { "uv": [ 4, 10, 5, 11 ], "texture": "#all", "cullface": "up" }
			}
		},
		{
			"__comment": "Cube1",
			"from": [ 3, 16, 6 ],
			"to": [ 5, 16.5, 7 ],
			"faces": {
				"up": { "uv": [ 3, 6, 5, 7 ], "texture": "#all", "cullface": "up" },
				"north": { "uv": [ 5, 6, 3, 7 ], "texture": "#all", "cullface": "up" },
				"south": { "uv": [ 3, 7, 5, 6 ], "texture": "#all", "cullface": "up" },
				"west": { "uv": [ 3, 6, 4, 7 ], "texture": "#all", "cullface": "up" }
			}
		}
	]
}