{
	"credit": "Made with Blockbench by _GrandMagus_",
	"parent": "block/orientable",
	"textures": {
		"top": "block/furnace_top",
		"front": "block/dropper_front",
		"side": "block/furnace_side"
	},
	"elements": [
		{
			"from": [ 0, 0, 0 ],
			"to": [ 16, 16, 16 ],
			"faces": {
				"down": { "uv": [ 0, 0, 16, 16 ], "texture": "#top", "cullface": "down" },
				"up": { "uv": [ 0, 0, 16, 16 ], "texture": "#top", "cullface": "up" },
				"south": { "uv": [ 0, 0, 16, 16 ], "texture": "#side", "cullface": "south" },
				"west": { "uv": [ 0, 0, 16, 16 ], "texture": "#side", "cullface": "west" },
				"east": { "uv": [ 0, 0, 16, 16 ], "texture": "#side", "cullface": "east" }
			}
		},
		{
			"from": [ 0, 7, 0 ],
			"to": [ 16, 16, 0.001 ],
			"faces": {
				"north": { "uv": [ 0, 0, 16, 9 ], "texture": "#front", "cullface": "north" }
			}
		},
		{
			"from": [ 0, 0, 0 ],
			"to": [ 16, 4, 0.001 ],
			"faces": {
				"north": { "uv": [ 0, 12, 16, 16 ], "texture": "#front", "cullface": "north" }
			}
		},
		{
			"from": [ 5, 4, 1 ],
			"to": [ 11, 8, 1.001 ],
			"faces": {
				"north": { "uv": [ 5, 8, 11, 12 ], "texture": "#front", "cullface": "north" }
			}
		},
		{
			"from": [ 11, 4, 0 ],
			"to": [ 16, 7, 0.001 ],
			"faces": {
				"north": { "uv": [ 0, 9, 5, 12 ], "texture": "#front", "cullface": "north" }
			}
		},
		{
			"from": [ 0, 4, 0 ],
			"to": [ 5, 7, 0.001 ],
			"faces": {
				"north": { "uv": [ 11, 9, 16, 12 ], "texture": "#front", "cullface": "north" }
			}
		},
		{
			"from": [ 9, 4, 0 ],
			"to": [ 9.001, 5, 1 ],
			"faces": {
				"west": { "uv": [ 6, 11, 7, 12 ], "texture": "#front", "cullface": "north" }
			}
		},
		{
			"from": [ 10, 5, 0 ],
			"to": [ 10.001, 6, 1 ],
			"faces": {
				"west": { "uv": [ 5, 10, 6, 11 ], "texture": "#front", "cullface": "north" }
			}
		},
		{
			"from": [ 6, 5, 0 ],
			"to": [ 6.001, 6, 1 ],
			"faces": {
				"east": { "uv": [ 10, 10, 11, 11 ], "texture": "#front", "cullface": "north" }
			}
		},
		{
			"from": [ 7, 4, 0 ],
			"to": [ 7.001, 5, 1 ],
			"faces": {
				"east": { "uv": [ 9, 11, 10, 12 ], "texture": "#front", "cullface": "north" }
			}
		},
		{
			"from": [ 6, 5, 0 ],
			"to": [ 7, 5.001, 1 ],
			"faces": {
				"up": { "uv": [ 9, 11, 10, 12 ], "texture": "#front", "cullface": "north" }
			}
		},
		{
			"from": [ 7, 4, 0 ],
			"to": [ 9, 4.001, 1 ],
			"faces": {
				"up": { "uv": [ 7, 12, 9, 13 ], "texture": "#front", "cullface": "north" }
			}
		},
		{
			"from": [ 7, 8, 0 ],
			"to": [ 9, 8.001, 1 ],
			"faces": {
				"down": { "uv": [ 7, 7, 9, 8 ], "texture": "#front", "cullface": "north" }
			}
		},
		{
			"from": [ 5, 7, 0 ],
			"to": [ 11, 7.001, 1 ],
			"faces": {
				"down": { "uv": [ 11, 8, 5, 9 ], "texture": "#front", "cullface": "north" }
			}
		},
		{
			"from": [ 5, 6, 0 ],
			"to": [ 6, 6.001, 1 ],
			"faces": {
				"up": { "uv": [ 10, 10, 11, 11 ], "texture": "#front", "cullface": "north" }
			}
		},
		{
			"from": [ 5, 4, 0 ],
			"to": [ 6, 6, 0.001 ],
			"faces": {
				"north": { "uv": [ 10, 10, 11, 12 ], "texture": "#front", "cullface": "north" }
			}
		},
		{
			"from": [ 5, 6, 0 ],
			"to": [ 5.001, 7, 1 ],
			"faces": {
				"east": { "uv": [ 11, 9, 12, 10 ], "texture": "#front", "cullface": "north" }
			}
		},
		{
			"from": [ 11, 6, 0 ],
			"to": [ 11.001, 7, 1 ],
			"faces": {
				"west": { "uv": [ 4, 9, 5, 10 ], "texture": "#front", "cullface": "north" }
			}
		},
		{
			"from": [ 9, 5, 0 ],
			"to": [ 10, 5.001, 1 ],
			"faces": {
				"up": { "uv": [ 6, 11, 7, 12 ], "texture": "#front", "cullface": "north" }
			}
		},
		{
			"from": [ 10, 6, 0 ],
			"to": [ 11, 6.001, 1 ],
			"faces": {
				"up": { "uv": [ 5, 10, 6, 11 ], "texture": "#front", "cullface": "north" }
			}
		},
		{
			"from": [ 6, 4, 0 ],
			"to": [ 7, 5, 0.001 ],
			"faces": {
				"north": { "uv": [ 9, 11, 10, 12 ], "texture": "#front", "cullface": "north" }
			}
		},
		{
			"from": [ 10, 4, 0 ],
			"to": [ 11, 6, 0.001 ],
			"faces": {
				"north": { "uv": [ 5, 10, 6, 12 ], "texture": "#front", "cullface": "north" }
			}
		},
		{
			"from": [ 9, 4, 0 ],
			"to": [ 10, 5, 0.001 ],
			"faces": {
				"north": { "uv": [ 6, 11, 7, 12 ], "texture": "#front", "cullface": "north" }
			}
		}
	]
}