{
	"credit": "Made with Blockbench",
	"parent": "minecraft:block/cube_all",
	"textures": {
		"all": "block/models/emerald_ore_2"
	},
	"elements": [
		{
			"from": [0, 0, 0],
			"to": [16, 16, 16],
			"faces": {
				"north": {"uv": [0, 0, 16, 16], "texture": "#all", "cullface": "north"},
				"east": {"uv": [0, 0, 16, 16], "texture": "#all", "cullface": "east"},
				"south": {"uv": [0, 0, 16, 16], "texture": "#all", "cullface": "south"},
				"west": {"uv": [0, 0, 16, 16], "texture": "#all", "cullface": "west"},
				"up": {"uv": [0, 0, 16, 16], "texture": "#all", "cullface": "up"},
				"down": {"uv": [0, 0, 16, 16], "texture": "#all", "cullface": "down"}
			}
		},
		{
			"from": [5, 8, -1],
			"to": [7, 10, 0],
			"rotation": {"angle": 0, "axis": "y", "origin": [8, 8, 8]},
			"faces": {
				"north": {"uv": [9, 6, 11, 8], "texture": "#all", "cullface": "north"},
				"east": {"uv": [9, 6, 10, 8], "texture": "#all", "cullface": "north"},
				"west": {"uv": [10, 6, 11, 8], "texture": "#all", "cullface": "north"},
				"up": {"uv": [11, 6, 9, 7], "texture": "#all", "cullface": "north"},
				"down": {"uv": [11, 7, 9, 8], "texture": "#all", "cullface": "north"}
			}
		},
		{
			"from": [9, 4, -1],
			"to": [11, 6, 0],
			"rotation": {"angle": 0, "axis": "y", "origin": [8, 8, 8]},
			"faces": {
				"north": {"uv": [5, 10, 7, 12], "texture": "#all", "cullface": "north"},
				"east": {"uv": [5, 10, 6, 12], "texture": "#all", "cullface": "north"},
				"west": {"uv": [6, 10, 7, 12], "texture": "#all", "cullface": "north"},
				"up": {"uv": [7, 10, 5, 11], "texture": "#all", "cullface": "north"},
				"down": {"uv": [7, 11, 5, 12], "texture": "#all", "cullface": "north"}
			}
		},
		{
			"from": [5, 9, -0.5],
			"to": [8, 11, 0],
			"rotation": {"angle": 0, "axis": "y", "origin": [8, 8, 8]},
			"faces": {
				"north": {"uv": [8, 5, 11, 7], "texture": "#all", "cullface": "north"},
				"east": {"uv": [8, 5, 8.5, 7], "texture": "#all", "cullface": "north"},
				"west": {"uv": [10, 5, 10.5, 7], "texture": "#all", "cullface": "north"},
				"up": {"uv": [11, 5, 8, 5.5], "texture": "#all", "cullface": "north"},
				"down": {"uv": [11, 6, 8, 6.5], "texture": "#all", "cullface": "north"}
			}
		},
		{
			"from": [8, 4, -0.5],
			"to": [12, 6, 0],
			"rotation": {"angle": 0, "axis": "y", "origin": [8, 8, 8]},
			"faces": {
				"north": {"uv": [4, 10, 8, 12], "texture": "#all", "cullface": "north"},
				"east": {"uv": [4, 10, 4.5, 12], "texture": "#all", "cullface": "north"},
				"west": {"uv": [7, 10, 7.5, 12], "texture": "#all", "cullface": "north"},
				"up": {"uv": [8, 10, 4, 10.5], "texture": "#all", "cullface": "north"},
				"down": {"uv": [8, 11, 4, 11.5], "texture": "#all", "cullface": "north"}
			}
		},
		{
			"from": [9, 3, -0.5],
			"to": [11, 7, 0],
			"rotation": {"angle": 0, "axis": "y", "origin": [8, 8, 8]},
			"faces": {
				"north": {"uv": [5, 9, 7, 13], "texture": "#all", "cullface": "north"},
				"east": {"uv": [5, 9, 5.5, 13], "texture": "#all", "cullface": "north"},
				"west": {"uv": [6, 9, 6.5, 13], "texture": "#all", "cullface": "north"},
				"up": {"uv": [7, 9, 5, 9.5], "texture": "#all", "cullface": "north"},
				"down": {"uv": [7, 12, 5, 12.5], "texture": "#all", "cullface": "north"}
			}
		},
		{
			"from": [10, 12, -0.5],
			"to": [12, 14, 0],
			"rotation": {"angle": 0, "axis": "y", "origin": [8, 8, 8]},
			"faces": {
				"north": {"uv": [4, 2, 6, 4], "texture": "#all", "cullface": "north"},
				"east": {"uv": [4, 2, 4.5, 4], "texture": "#all", "cullface": "north"},
				"west": {"uv": [5, 2, 5.5, 4], "texture": "#all", "cullface": "north"},
				"up": {"uv": [6, 2, 4, 2.5], "texture": "#all", "cullface": "north"},
				"down": {"uv": [6, 3, 4, 3.5], "texture": "#all", "cullface": "north"}
			}
		},
		{
			"from": [2, 2, -0.5],
			"to": [4, 4, 0],
			"rotation": {"angle": 0, "axis": "y", "origin": [8, 8, 8]},
			"faces": {
				"north": {"uv": [4, 2, 6, 4], "texture": "#all", "cullface": "north"},
				"east": {"uv": [4, 2, 4.5, 4], "texture": "#all", "cullface": "north"},
				"west": {"uv": [5, 2, 5.5, 4], "texture": "#all", "cullface": "north"},
				"up": {"uv": [6, 2, 4, 2.5], "texture": "#all", "cullface": "north"},
				"down": {"uv": [6, 3, 4, 3.5], "texture": "#all", "cullface": "north"}
			}
		},
		{
			"from": [4, 7, -0.5],
			"to": [5, 10, 0],
			"rotation": {"angle": 0, "axis": "y", "origin": [8, 8, 8]},
			"faces": {
				"north": {"uv": [11, 6, 12, 9], "texture": "#all", "cullface": "north"},
				"east": {"uv": [11, 6, 11.5, 9], "texture": "#all", "cullface": "north"},
				"west": {"uv": [11, 6, 11.5, 9], "texture": "#all", "cullface": "north"},
				"up": {"uv": [12, 6, 11, 6.5], "texture": "#all", "cullface": "north"},
				"down": {"uv": [12, 8, 11, 8.5], "texture": "#all", "cullface": "north"}
			}
		},
		{
			"from": [16, 7, 4],
			"to": [16.5, 10, 5],
			"rotation": {"angle": 0, "axis": "y", "origin": [8, 8, 8]},
			"faces": {
				"north": {"uv": [11, 6, 11.5, 9], "texture": "#all", "cullface": "east"},
				"east": {"uv": [11, 6, 12, 9], "texture": "#all", "cullface": "east"},
				"south": {"uv": [11, 6, 11.5, 9], "texture": "#all", "cullface": "east"},
				"up": {"uv": [12, 6, 11, 6.5], "rotation": 90, "texture": "#all", "cullface": "east"},
				"down": {"uv": [12, 8, 11, 8.5], "rotation": 270, "texture": "#all", "cullface": "east"}
			}
		},
		{
			"from": [16, 4, 9],
			"to": [17, 6, 11],
			"rotation": {"angle": 0, "axis": "y", "origin": [8, 8, 8]},
			"faces": {
				"north": {"uv": [6, 10, 7, 12], "texture": "#all", "cullface": "east"},
				"east": {"uv": [5, 10, 7, 12], "texture": "#all", "cullface": "east"},
				"south": {"uv": [5, 10, 6, 12], "texture": "#all", "cullface": "east"},
				"up": {"uv": [7, 10, 5, 11], "rotation": 90, "texture": "#all", "cullface": "east"},
				"down": {"uv": [7, 11, 5, 12], "rotation": 270, "texture": "#all", "cullface": "east"}
			}
		},
		{
			"from": [16, 9, 5],
			"to": [16.5, 11, 8],
			"rotation": {"angle": 0, "axis": "y", "origin": [8, 8, 8]},
			"faces": {
				"north": {"uv": [10, 5, 10.5, 7], "texture": "#all", "cullface": "east"},
				"east": {"uv": [8, 5, 11, 7], "texture": "#all", "cullface": "east"},
				"south": {"uv": [8, 5, 8.5, 7], "texture": "#all", "cullface": "east"},
				"up": {"uv": [11, 5, 8, 5.5], "rotation": 90, "texture": "#all", "cullface": "east"},
				"down": {"uv": [11, 6, 8, 6.5], "rotation": 270, "texture": "#all", "cullface": "east"}
			}
		},
		{
			"from": [16, 4, 8],
			"to": [16.5, 6, 12],
			"rotation": {"angle": 0, "axis": "y", "origin": [8, 8, 8]},
			"faces": {
				"north": {"uv": [7, 10, 7.5, 12], "texture": "#all", "cullface": "east"},
				"east": {"uv": [4, 10, 8, 12], "texture": "#all", "cullface": "east"},
				"south": {"uv": [4, 10, 4.5, 12], "texture": "#all", "cullface": "east"},
				"up": {"uv": [8, 10, 4, 10.5], "rotation": 90, "texture": "#all", "cullface": "east"},
				"down": {"uv": [8, 11, 4, 11.5], "rotation": 270, "texture": "#all", "cullface": "east"}
			}
		},
		{
			"from": [16, 3, 9],
			"to": [16.5, 7, 11],
			"rotation": {"angle": 0, "axis": "y", "origin": [8, 8, 8]},
			"faces": {
				"north": {"uv": [6, 9, 6.5, 13], "texture": "#all", "cullface": "east"},
				"east": {"uv": [5, 9, 7, 13], "texture": "#all", "cullface": "east"},
				"south": {"uv": [5, 9, 5.5, 13], "texture": "#all", "cullface": "east"},
				"up": {"uv": [7, 9, 5, 9.5], "rotation": 90, "texture": "#all", "cullface": "east"},
				"down": {"uv": [7, 12, 5, 12.5], "rotation": 270, "texture": "#all", "cullface": "east"}
			}
		},
		{
			"from": [16, 12, 10],
			"to": [16.5, 14, 12],
			"rotation": {"angle": 0, "axis": "y", "origin": [8, 8, 8]},
			"faces": {
				"north": {"uv": [5, 2, 5.5, 4], "texture": "#all", "cullface": "east"},
				"east": {"uv": [4, 2, 6, 4], "texture": "#all", "cullface": "east"},
				"south": {"uv": [4, 2, 4.5, 4], "texture": "#all", "cullface": "east"},
				"up": {"uv": [6, 2, 4, 2.5], "rotation": 90, "texture": "#all", "cullface": "east"},
				"down": {"uv": [6, 3, 4, 3.5], "rotation": 270, "texture": "#all", "cullface": "east"}
			}
		},
		{
			"from": [16, 2, 2],
			"to": [16.5, 4, 4],
			"rotation": {"angle": 0, "axis": "y", "origin": [8, 8, 8]},
			"faces": {
				"north": {"uv": [5, 2, 5.5, 4], "texture": "#all", "cullface": "east"},
				"east": {"uv": [4, 2, 6, 4], "texture": "#all", "cullface": "east"},
				"south": {"uv": [4, 2, 4.5, 4], "texture": "#all", "cullface": "east"},
				"up": {"uv": [6, 2, 4, 2.5], "rotation": 90, "texture": "#all", "cullface": "east"},
				"down": {"uv": [6, 3, 4, 3.5], "rotation": 270, "texture": "#all", "cullface": "east"}
			}
		},
		{
			"from": [16, 8, 5],
			"to": [17, 10, 7],
			"rotation": {"angle": 0, "axis": "y", "origin": [8, 8, 8]},
			"faces": {
				"north": {"uv": [10, 6, 11, 8], "texture": "#all", "cullface": "east"},
				"east": {"uv": [9, 6, 11, 8], "texture": "#all", "cullface": "east"},
				"south": {"uv": [9, 6, 10, 8], "texture": "#all", "cullface": "east"},
				"up": {"uv": [11, 6, 9, 7], "rotation": 90, "texture": "#all", "cullface": "east"},
				"down": {"uv": [11, 7, 9, 8], "rotation": 270, "texture": "#all", "cullface": "east"}
			}
		},
		{
			"from": [11, 7, 16],
			"to": [12, 10, 16.5],
			"rotation": {"angle": 0, "axis": "y", "origin": [8, 8, 8]},
			"faces": {
				"east": {"uv": [11, 6, 11.5, 9], "texture": "#all", "cullface": "south"},
				"south": {"uv": [11, 6, 12, 9], "texture": "#all", "cullface": "south"},
				"west": {"uv": [11, 6, 11.5, 9], "texture": "#all", "cullface": "south"},
				"up": {"uv": [12, 6, 11, 6.5], "rotation": 180, "texture": "#all", "cullface": "south"},
				"down": {"uv": [12, 8, 11, 8.5], "rotation": 180, "texture": "#all", "cullface": "south"}
			}
		},
		{
			"from": [5, 4, 16],
			"to": [7, 6, 17],
			"rotation": {"angle": 0, "axis": "y", "origin": [8, 8, 8]},
			"faces": {
				"east": {"uv": [6, 10, 7, 12], "texture": "#all", "cullface": "south"},
				"south": {"uv": [5, 10, 7, 12], "texture": "#all", "cullface": "south"},
				"west": {"uv": [5, 10, 6, 12], "texture": "#all", "cullface": "south"},
				"up": {"uv": [7, 10, 5, 11], "rotation": 180, "texture": "#all", "cullface": "south"},
				"down": {"uv": [7, 11, 5, 12], "rotation": 180, "texture": "#all", "cullface": "south"}
			}
		},
		{
			"from": [8, 9, 16],
			"to": [11, 11, 16.5],
			"rotation": {"angle": 0, "axis": "y", "origin": [8, 8, 8]},
			"faces": {
				"east": {"uv": [10, 5, 10.5, 7], "texture": "#all", "cullface": "south"},
				"south": {"uv": [8, 5, 11, 7], "texture": "#all", "cullface": "south"},
				"west": {"uv": [8, 5, 8.5, 7], "texture": "#all", "cullface": "south"},
				"up": {"uv": [11, 5, 8, 5.5], "rotation": 180, "texture": "#all", "cullface": "south"},
				"down": {"uv": [11, 6, 8, 6.5], "rotation": 180, "texture": "#all", "cullface": "south"}
			}
		},
		{
			"from": [4, 4, 16],
			"to": [8, 6, 16.5],
			"rotation": {"angle": 0, "axis": "y", "origin": [8, 8, 8]},
			"faces": {
				"east": {"uv": [7, 10, 7.5, 12], "texture": "#all", "cullface": "south"},
				"south": {"uv": [4, 10, 8, 12], "texture": "#all", "cullface": "south"},
				"west": {"uv": [4, 10, 4.5, 12], "texture": "#all", "cullface": "south"},
				"up": {"uv": [8, 10, 4, 10.5], "rotation": 180, "texture": "#all", "cullface": "south"},
				"down": {"uv": [8, 11, 4, 11.5], "rotation": 180, "texture": "#all", "cullface": "south"}
			}
		},
		{
			"from": [5, 3, 16],
			"to": [7, 7, 16.5],
			"rotation": {"angle": 0, "axis": "y", "origin": [8, 8, 8]},
			"faces": {
				"east": {"uv": [6, 9, 6.5, 13], "texture": "#all", "cullface": "south"},
				"south": {"uv": [5, 9, 7, 13], "texture": "#all", "cullface": "south"},
				"west": {"uv": [5, 9, 5.5, 13], "texture": "#all", "cullface": "south"},
				"up": {"uv": [7, 9, 5, 9.5], "rotation": 180, "texture": "#all", "cullface": "south"},
				"down": {"uv": [7, 12, 5, 12.5], "rotation": 180, "texture": "#all", "cullface": "south"}
			}
		},
		{
			"from": [4, 12, 16],
			"to": [6, 14, 16.5],
			"rotation": {"angle": 0, "axis": "y", "origin": [8, 8, 8]},
			"faces": {
				"east": {"uv": [5, 2, 5.5, 4], "texture": "#all", "cullface": "south"},
				"south": {"uv": [4, 2, 6, 4], "texture": "#all", "cullface": "south"},
				"west": {"uv": [4, 2, 4.5, 4], "texture": "#all", "cullface": "south"},
				"up": {"uv": [6, 2, 4, 2.5], "rotation": 180, "texture": "#all", "cullface": "south"},
				"down": {"uv": [6, 3, 4, 3.5], "rotation": 180, "texture": "#all", "cullface": "south"}
			}
		},
		{
			"from": [12, 2, 16],
			"to": [14, 4, 16.5],
			"rotation": {"angle": 0, "axis": "y", "origin": [8, 8, 8]},
			"faces": {
				"east": {"uv": [5, 2, 5.5, 4], "texture": "#all", "cullface": "south"},
				"south": {"uv": [4, 2, 6, 4], "texture": "#all", "cullface": "south"},
				"west": {"uv": [4, 2, 4.5, 4], "texture": "#all", "cullface": "south"},
				"up": {"uv": [6, 2, 4, 2.5], "rotation": 180, "texture": "#all", "cullface": "south"},
				"down": {"uv": [6, 3, 4, 3.5], "rotation": 180, "texture": "#all", "cullface": "south"}
			}
		},
		{
			"from": [9, 8, 16],
			"to": [11, 10, 17],
			"rotation": {"angle": 0, "axis": "y", "origin": [8, 8, 8]},
			"faces": {
				"east": {"uv": [10, 6, 11, 8], "texture": "#all", "cullface": "south"},
				"south": {"uv": [9, 6, 11, 8], "texture": "#all", "cullface": "south"},
				"west": {"uv": [9, 6, 10, 8], "texture": "#all", "cullface": "south"},
				"up": {"uv": [11, 6, 9, 7], "rotation": 180, "texture": "#all", "cullface": "south"},
				"down": {"uv": [11, 7, 9, 8], "rotation": 180, "texture": "#all", "cullface": "south"}
			}
		},
		{
			"from": [-0.5, 7, 11],
			"to": [0, 10, 12],
			"rotation": {"angle": 0, "axis": "y", "origin": [8, 8, 8]},
			"faces": {
				"north": {"uv": [11, 6, 11.5, 9], "texture": "#all", "cullface": "west"},
				"south": {"uv": [11, 6, 11.5, 9], "texture": "#all", "cullface": "west"},
				"west": {"uv": [11, 6, 12, 9], "texture": "#all", "cullface": "west"},
				"up": {"uv": [12, 6, 11, 6.5], "rotation": 270, "texture": "#all", "cullface": "west"},
				"down": {"uv": [12, 8, 11, 8.5], "rotation": 90, "texture": "#all", "cullface": "west"}
			}
		},
		{
			"from": [-1, 4, 5],
			"to": [0, 6, 7],
			"rotation": {"angle": 0, "axis": "y", "origin": [8, 8, 8]},
			"faces": {
				"north": {"uv": [5, 10, 6, 12], "texture": "#all", "cullface": "west"},
				"south": {"uv": [6, 10, 7, 12], "texture": "#all", "cullface": "west"},
				"west": {"uv": [5, 10, 7, 12], "texture": "#all", "cullface": "west"},
				"up": {"uv": [7, 10, 5, 11], "rotation": 270, "texture": "#all", "cullface": "west"},
				"down": {"uv": [7, 11, 5, 12], "rotation": 90, "texture": "#all", "cullface": "west"}
			}
		},
		{
			"from": [-0.5, 9, 8],
			"to": [0, 11, 11],
			"rotation": {"angle": 0, "axis": "y", "origin": [8, 8, 8]},
			"faces": {
				"north": {"uv": [8, 5, 8.5, 7], "texture": "#all", "cullface": "west"},
				"south": {"uv": [10, 5, 10.5, 7], "texture": "#all", "cullface": "west"},
				"west": {"uv": [8, 5, 11, 7], "texture": "#all", "cullface": "west"},
				"up": {"uv": [11, 5, 8, 5.5], "rotation": 270, "texture": "#all", "cullface": "west"},
				"down": {"uv": [11, 6, 8, 6.5], "rotation": 90, "texture": "#all", "cullface": "west"}
			}
		},
		{
			"from": [-0.5, 4, 4],
			"to": [0, 6, 8],
			"rotation": {"angle": 0, "axis": "y", "origin": [8, 8, 8]},
			"faces": {
				"north": {"uv": [4, 10, 4.5, 12], "texture": "#all", "cullface": "west"},
				"south": {"uv": [7, 10, 7.5, 12], "texture": "#all", "cullface": "west"},
				"west": {"uv": [4, 10, 8, 12], "texture": "#all", "cullface": "west"},
				"up": {"uv": [8, 10, 4, 10.5], "rotation": 270, "texture": "#all", "cullface": "west"},
				"down": {"uv": [8, 11, 4, 11.5], "rotation": 90, "texture": "#all", "cullface": "west"}
			}
		},
		{
			"from": [-0.5, 3, 5],
			"to": [0, 7, 7],
			"rotation": {"angle": 0, "axis": "y", "origin": [8, 8, 8]},
			"faces": {
				"north": {"uv": [5, 9, 5.5, 13], "texture": "#all", "cullface": "west"},
				"south": {"uv": [6, 9, 6.5, 13], "texture": "#all", "cullface": "west"},
				"west": {"uv": [5, 9, 7, 13], "texture": "#all", "cullface": "west"},
				"up": {"uv": [7, 9, 5, 9.5], "rotation": 270, "texture": "#all", "cullface": "west"},
				"down": {"uv": [7, 12, 5, 12.5], "rotation": 90, "texture": "#all", "cullface": "west"}
			}
		},
		{
			"from": [-0.5, 12, 4],
			"to": [0, 14, 6],
			"rotation": {"angle": 0, "axis": "y", "origin": [8, 8, 8]},
			"faces": {
				"north": {"uv": [4, 2, 4.5, 4], "texture": "#all", "cullface": "west"},
				"south": {"uv": [5, 2, 5.5, 4], "texture": "#all", "cullface": "west"},
				"west": {"uv": [4, 2, 6, 4], "texture": "#all", "cullface": "west"},
				"up": {"uv": [6, 2, 4, 2.5], "rotation": 270, "texture": "#all", "cullface": "west"},
				"down": {"uv": [6, 3, 4, 3.5], "rotation": 90, "texture": "#all", "cullface": "west"}
			}
		},
		{
			"from": [-0.5, 2, 12],
			"to": [0, 4, 14],
			"rotation": {"angle": 0, "axis": "y", "origin": [8, 8, 8]},
			"faces": {
				"north": {"uv": [4, 2, 4.5, 4], "texture": "#all", "cullface": "west"},
				"south": {"uv": [5, 2, 5.5, 4], "texture": "#all", "cullface": "west"},
				"west": {"uv": [4, 2, 6, 4], "texture": "#all", "cullface": "west"},
				"up": {"uv": [6, 2, 4, 2.5], "rotation": 270, "texture": "#all", "cullface": "west"},
				"down": {"uv": [6, 3, 4, 3.5], "rotation": 90, "texture": "#all", "cullface": "west"}
			}
		},
		{
			"from": [-1, 8, 9],
			"to": [0, 10, 11],
			"rotation": {"angle": 0, "axis": "y", "origin": [8, 8, 8]},
			"faces": {
				"north": {"uv": [9, 6, 10, 8], "texture": "#all", "cullface": "west"},
				"south": {"uv": [10, 6, 11, 8], "texture": "#all", "cullface": "west"},
				"west": {"uv": [9, 6, 11, 8], "texture": "#all", "cullface": "west"},
				"up": {"uv": [11, 6, 9, 7], "rotation": 270, "texture": "#all", "cullface": "west"},
				"down": {"uv": [11, 7, 9, 8], "rotation": 90, "texture": "#all", "cullface": "west"}
			}
		},
		{
			"from": [11, 16, 6],
			"to": [12, 16.5, 9],
			"rotation": {"angle": 0, "axis": "y", "origin": [8, 8, 8]},
			"faces": {
				"north": {"uv": [12, 6, 11, 6.5], "texture": "#all", "cullface": "up"},
				"east": {"uv": [11, 6, 11.5, 9], "rotation": 90, "texture": "#all", "cullface": "up"},
				"south": {"uv": [12, 8, 11, 8.5], "rotation": 180, "texture": "#all", "cullface": "up"},
				"west": {"uv": [11, 6, 11.5, 9], "rotation": 270, "texture": "#all", "cullface": "up"},
				"up": {"uv": [11, 6, 12, 9], "texture": "#all", "cullface": "up"}
			}
		},
		{
			"from": [5, 16, 10],
			"to": [7, 17, 12],
			"rotation": {"angle": 0, "axis": "y", "origin": [8, 8, 8]},
			"faces": {
				"north": {"uv": [7, 10, 5, 11], "texture": "#all", "cullface": "up"},
				"east": {"uv": [6, 10, 7, 12], "rotation": 90, "texture": "#all", "cullface": "up"},
				"south": {"uv": [7, 11, 5, 12], "rotation": 180, "texture": "#all", "cullface": "up"},
				"west": {"uv": [5, 10, 6, 12], "rotation": 270, "texture": "#all", "cullface": "up"},
				"up": {"uv": [5, 10, 7, 12], "texture": "#all", "cullface": "up"}
			}
		},
		{
			"from": [8, 16, 5],
			"to": [11, 16.5, 7],
			"rotation": {"angle": 0, "axis": "y", "origin": [8, 8, 8]},
			"faces": {
				"north": {"uv": [11, 5, 8, 5.5], "texture": "#all", "cullface": "up"},
				"east": {"uv": [10, 5, 10.5, 7], "rotation": 90, "texture": "#all", "cullface": "up"},
				"south": {"uv": [11, 6, 8, 6.5], "rotation": 180, "texture": "#all", "cullface": "up"},
				"west": {"uv": [8, 5, 8.5, 7], "rotation": 270, "texture": "#all", "cullface": "up"},
				"up": {"uv": [8, 5, 11, 7], "texture": "#all", "cullface": "up"}
			}
		},
		{
			"from": [4, 16, 10],
			"to": [8, 16.5, 12],
			"rotation": {"angle": 0, "axis": "y", "origin": [8, 8, 8]},
			"faces": {
				"north": {"uv": [8, 10, 4, 10.5], "texture": "#all", "cullface": "up"},
				"east": {"uv": [7, 10, 7.5, 12], "rotation": 90, "texture": "#all", "cullface": "up"},
				"south": {"uv": [8, 11, 4, 11.5], "rotation": 180, "texture": "#all", "cullface": "up"},
				"west": {"uv": [4, 10, 4.5, 12], "rotation": 270, "texture": "#all", "cullface": "up"},
				"up": {"uv": [4, 10, 8, 12], "texture": "#all", "cullface": "up"}
			}
		},
		{
			"from": [5, 16, 9],
			"to": [7, 16.5, 13],
			"rotation": {"angle": 0, "axis": "y", "origin": [8, 8, 8]},
			"faces": {
				"north": {"uv": [7, 9, 5, 9.5], "texture": "#all", "cullface": "up"},
				"east": {"uv": [6, 9, 6.5, 13], "rotation": 90, "texture": "#all", "cullface": "up"},
				"south": {"uv": [7, 12, 5, 12.5], "rotation": 180, "texture": "#all", "cullface": "up"},
				"west": {"uv": [5, 9, 5.5, 13], "rotation": 270, "texture": "#all", "cullface": "up"},
				"up": {"uv": [5, 9, 7, 13], "texture": "#all", "cullface": "up"}
			}
		},
		{
			"from": [4, 16, 2],
			"to": [6, 16.5, 4],
			"rotation": {"angle": 0, "axis": "y", "origin": [8, 8, 8]},
			"faces": {
				"north": {"uv": [6, 2, 4, 2.5], "texture": "#all", "cullface": "up"},
				"east": {"uv": [5, 2, 5.5, 4], "rotation": 90, "texture": "#all", "cullface": "up"},
				"south": {"uv": [6, 3, 4, 3.5], "rotation": 180, "texture": "#all", "cullface": "up"},
				"west": {"uv": [4, 2, 4.5, 4], "rotation": 270, "texture": "#all", "cullface": "up"},
				"up": {"uv": [4, 2, 6, 4], "texture": "#all", "cullface": "up"}
			}
		},
		{
			"from": [12, 16, 12],
			"to": [14, 16.5, 14],
			"rotation": {"angle": 0, "axis": "y", "origin": [8, 8, 8]},
			"faces": {
				"north": {"uv": [6, 2, 4, 2.5], "texture": "#all", "cullface": "up"},
				"east": {"uv": [5, 2, 5.5, 4], "rotation": 90, "texture": "#all", "cullface": "up"},
				"south": {"uv": [6, 3, 4, 3.5], "rotation": 180, "texture": "#all", "cullface": "up"},
				"west": {"uv": [4, 2, 4.5, 4], "rotation": 270, "texture": "#all", "cullface": "up"},
				"up": {"uv": [4, 2, 6, 4], "texture": "#all", "cullface": "up"}
			}
		},
		{
			"from": [9, 16, 6],
			"to": [11, 17, 8],
			"rotation": {"angle": 0, "axis": "y", "origin": [8, 8, 8]},
			"faces": {
				"north": {"uv": [11, 6, 9, 7], "texture": "#all", "cullface": "up"},
				"east": {"uv": [10, 6, 11, 8], "rotation": 90, "texture": "#all", "cullface": "up"},
				"south": {"uv": [11, 7, 9, 8], "rotation": 180, "texture": "#all", "cullface": "up"},
				"west": {"uv": [9, 6, 10, 8], "rotation": 270, "texture": "#all", "cullface": "up"},
				"up": {"uv": [9, 6, 11, 8], "texture": "#all", "cullface": "up"}
			}
		},
		{
			"from": [11, -0.5, 7],
			"to": [12, 0, 10],
			"rotation": {"angle": 0, "axis": "x", "origin": [8, 8, 8]},
			"faces": {
				"north": {"uv": [12, 8, 11, 8.5], "texture": "#all", "cullface": "down"},
				"east": {"uv": [11, 6, 11.5, 9], "rotation": 270, "texture": "#all", "cullface": "down"},
				"south": {"uv": [12, 6, 11, 6.5], "rotation": 180, "texture": "#all", "cullface": "down"},
				"west": {"uv": [11, 6, 11.5, 9], "rotation": 90, "texture": "#all", "cullface": "down"},
				"down": {"uv": [11, 6, 12, 9], "texture": "#all", "cullface": "down"}
			}
		},
		{
			"from": [5, -1, 4],
			"to": [7, 0, 6],
			"rotation": {"angle": 0, "axis": "x", "origin": [8, 8, 8]},
			"faces": {
				"north": {"uv": [7, 11, 5, 12], "texture": "#all", "cullface": "down"},
				"east": {"uv": [6, 10, 7, 12], "rotation": 270, "texture": "#all", "cullface": "down"},
				"south": {"uv": [7, 10, 5, 11], "rotation": 180, "texture": "#all", "cullface": "down"},
				"west": {"uv": [5, 10, 6, 12], "rotation": 90, "texture": "#all", "cullface": "down"},
				"down": {"uv": [5, 10, 7, 12], "texture": "#all", "cullface": "down"}
			}
		},
		{
			"from": [8, -0.5, 9],
			"to": [11, 0, 11],
			"rotation": {"angle": 0, "axis": "x", "origin": [8, 8, 8]},
			"faces": {
				"north": {"uv": [11, 6, 8, 6.5], "texture": "#all", "cullface": "down"},
				"east": {"uv": [10, 5, 10.5, 7], "rotation": 270, "texture": "#all", "cullface": "down"},
				"south": {"uv": [11, 5, 8, 5.5], "rotation": 180, "texture": "#all", "cullface": "down"},
				"west": {"uv": [8, 5, 8.5, 7], "rotation": 90, "texture": "#all", "cullface": "down"},
				"down": {"uv": [8, 5, 11, 7], "texture": "#all", "cullface": "down"}
			}
		},
		{
			"from": [4, -0.5, 4],
			"to": [8, 0, 6],
			"rotation": {"angle": 0, "axis": "x", "origin": [8, 8, 8]},
			"faces": {
				"north": {"uv": [8, 11, 4, 11.5], "texture": "#all", "cullface": "down"},
				"east": {"uv": [7, 10, 7.5, 12], "rotation": 270, "texture": "#all", "cullface": "down"},
				"south": {"uv": [8, 10, 4, 10.5], "rotation": 180, "texture": "#all", "cullface": "down"},
				"west": {"uv": [4, 10, 4.5, 12], "rotation": 90, "texture": "#all", "cullface": "down"},
				"down": {"uv": [4, 10, 8, 12], "texture": "#all", "cullface": "down"}
			}
		},
		{
			"from": [5, -0.5, 3],
			"to": [7, 0, 7],
			"rotation": {"angle": 0, "axis": "x", "origin": [8, 8, 8]},
			"faces": {
				"north": {"uv": [7, 12, 5, 12.5], "texture": "#all", "cullface": "down"},
				"east": {"uv": [6, 9, 6.5, 13], "rotation": 270, "texture": "#all", "cullface": "down"},
				"south": {"uv": [7, 9, 5, 9.5], "rotation": 180, "texture": "#all", "cullface": "down"},
				"west": {"uv": [5, 9, 5.5, 13], "rotation": 90, "texture": "#all", "cullface": "down"},
				"down": {"uv": [5, 9, 7, 13], "texture": "#all", "cullface": "down"}
			}
		},
		{
			"from": [4, -0.5, 12],
			"to": [6, 0, 14],
			"rotation": {"angle": 0, "axis": "x", "origin": [8, 8, 8]},
			"faces": {
				"north": {"uv": [6, 3, 4, 3.5], "texture": "#all", "cullface": "down"},
				"east": {"uv": [5, 2, 5.5, 4], "rotation": 270, "texture": "#all", "cullface": "down"},
				"south": {"uv": [6, 2, 4, 2.5], "rotation": 180, "texture": "#all", "cullface": "down"},
				"west": {"uv": [4, 2, 4.5, 4], "rotation": 90, "texture": "#all", "cullface": "down"},
				"down": {"uv": [4, 2, 6, 4], "texture": "#all", "cullface": "down"}
			}
		},
		{
			"from": [12, -0.5, 2],
			"to": [14, 0, 4],
			"rotation": {"angle": 0, "axis": "x", "origin": [8, 8, 8]},
			"faces": {
				"north": {"uv": [6, 3, 4, 3.5], "texture": "#all", "cullface": "down"},
				"east": {"uv": [5, 2, 5.5, 4], "rotation": 270, "texture": "#all", "cullface": "down"},
				"south": {"uv": [6, 2, 4, 2.5], "rotation": 180, "texture": "#all", "cullface": "down"},
				"west": {"uv": [4, 2, 4.5, 4], "rotation": 90, "texture": "#all", "cullface": "down"},
				"down": {"uv": [4, 2, 6, 4], "texture": "#all", "cullface": "down"}
			}
		},
		{
			"from": [9, -1, 8],
			"to": [11, 0, 10],
			"rotation": {"angle": 0, "axis": "x", "origin": [8, 8, 8]},
			"faces": {
				"north": {"uv": [11, 7, 9, 8], "texture": "#all", "cullface": "down"},
				"east": {"uv": [10, 6, 11, 8], "rotation": 270, "texture": "#all", "cullface": "down"},
				"south": {"uv": [11, 6, 9, 7], "rotation": 180, "texture": "#all", "cullface": "down"},
				"west": {"uv": [9, 6, 10, 8], "rotation": 90, "texture": "#all", "cullface": "down"},
				"down": {"uv": [9, 6, 11, 8], "texture": "#all", "cullface": "down"}
			}
		}
	]
}