{
	"__comment": "Created by _GrandMagus_",
	"parent": "block/cube_all",
	"textures": {
		"all": "block/netherrack",
		"cross": "block/netherrack_cross"
	},
	"elements": [
		{
			"__comment": "Cube1",
			"from": [ 0, 0, 0 ],
			"to": [ 16, 16, 16 ],
			"faces": {
				"down": { "uv": [ 0, 0, 16, 16 ], "texture": "#all", "cullface": "down" },
				"up": { "uv": [ 0, 0, 16, 16 ], "texture": "#all", "cullface": "up" },
				"north": { "uv": [ 0, 0, 16, 16 ], "texture": "#all", "cullface": "north" },
				"south": { "uv": [ 0, 0, 16, 16 ], "texture": "#all", "cullface": "south" },
				"west": { "uv": [ 0, 0, 16, 16 ], "texture": "#all", "cullface": "west" },
				"east": { "uv": [ 0, 0, 16, 16 ], "texture": "#all", "cullface": "east" }
			}
		},
		{
			"__comment": "PlaneZ6",
			"from": [ 12, -5, 2.999 ],
			"to": [ 13, -3, 3 ],
			"rotation": { "origin": [ 13, -5, 3 ], "axis": "y", "angle": 45 },
			"faces": {
				"north": { "uv": [ 14, 3, 15, 5 ], "texture": "#cross", "cullface": "down" },
				"south": { "uv": [ 15, 3, 14, 5 ], "texture": "#cross", "cullface": "down" }
			}
		},
		{
			"__comment": "PlaneZ6",
			"from": [ 12, -1, 2.999 ],
			"to": [ 13, 0, 3 ],
			"rotation": { "origin": [ 13, -5, 3 ], "axis": "y", "angle": 45 },
			"faces": {
				"north": { "uv": [ 14, 0, 15, 1 ], "texture": "#cross", "cullface": "down" },
				"south": { "uv": [ 14, 0, 15, 1 ], "texture": "#cross", "cullface": "down" }
			}
		},
		{
			"__comment": "PlaneZ6",
			"from": [ 3, -1, 2.999 ],
			"to": [ 11, 0, 3 ],
			"rotation": { "origin": [ 13, -5, 3 ], "axis": "y", "angle": 45 },
			"faces": {
				"north": { "uv": [ 5, 0, 13, 1 ], "texture": "#cross", "cullface": "down" },
				"south": { "uv": [ 5, 0, 13, 1 ], "texture": "#cross", "cullface": "down" }
			}
		},
		{
			"__comment": "PlaneZ6",
			"from": [ -1, -1, 2.9991 ],
			"to": [ 2, 0, 3.0001 ],
			"rotation": { "origin": [ 13, -5, 3 ], "axis": "y", "angle": 45 },
			"faces": {
				"north": { "uv": [ 1, 0, 4, 1 ], "texture": "#cross", "cullface": "down" },
				"south": { "uv": [ 1, 0, 4, 1 ], "texture": "#cross", "cullface": "down" }
			}
		},
		{
			"__comment": "PlaneZ6",
			"from": [ 0, -2, 2.999 ],
			"to": [ 9, -1, 3 ],
			"rotation": { "origin": [ 13, -5, 3 ], "axis": "y", "angle": 45 },
			"faces": {
				"north": { "uv": [ 2, 1, 11, 2 ], "texture": "#cross", "cullface": "down" },
				"south": { "uv": [ 2, 1, 11, 2 ], "texture": "#cross", "cullface": "down" }
			}
		},
		{
			"__comment": "PlaneZ6",
			"from": [ 4, -3, 2.999 ],
			"to": [ 5, -2, 3 ],
			"rotation": { "origin": [ 13, -5, 3 ], "axis": "y", "angle": 45 },
			"faces": {
				"north": { "uv": [ 9, 2, 10, 3 ], "texture": "#cross", "cullface": "down" },
				"south": { "uv": [ 6, 2, 7, 3 ], "texture": "#cross", "cullface": "down" }
			}
		},
		{
			"__comment": "PlaneZ6",
			"from": [ 11, -3, 2.999 ],
			"to": [ 12, -2, 3 ],
			"rotation": { "origin": [ 13, -5, 3 ], "axis": "y", "angle": 45 },
			"faces": {
				"north": { "uv": [ 13, 2, 14, 3 ], "texture": "#cross", "cullface": "down" },
				"south": { "uv": [ 13, 2, 14, 3 ], "texture": "#cross", "cullface": "down" }
			}
		},
		{
			"__comment": "PlaneZ6",
			"from": [ 10, -4, 2.999 ],
			"to": [ 11, -3, 3 ],
			"rotation": { "origin": [ 13, -5, 3 ], "axis": "y", "angle": 45 },
			"faces": {
				"north": { "uv": [ 12, 3, 13, 4 ], "texture": "#cross", "cullface": "down" },
				"south": { "uv": [ 12, 3, 13, 4 ], "texture": "#cross", "cullface": "down" }
			}
		},
		{
			"__comment": "PlaneZ6",
			"from": [ 10, -2, 2.999 ],
			"to": [ 12, -1, 3 ],
			"rotation": { "origin": [ 13, -5, 3 ], "axis": "y", "angle": 45 },
			"faces": {
				"north": { "uv": [ 12, 1, 14, 2 ], "texture": "#cross", "cullface": "down" },
				"south": { "uv": [ 12, 1, 14, 2 ], "texture": "#cross", "cullface": "down" }
			}
		},
		{
			"__comment": "PlaneZ6",
			"from": [ 6, -3, 2.999 ],
			"to": [ 8, -2, 3 ],
			"rotation": { "origin": [ 13, -5, 3 ], "axis": "y", "angle": 45 },
			"faces": {
				"north": { "uv": [ 8, 2, 10, 3 ], "texture": "#cross", "cullface": "down" },
				"south": { "uv": [ 8, 2, 10, 3 ], "texture": "#cross", "cullface": "down" }
			}
		},
		{
			"__comment": "PlaneZ6",
			"from": [ 7, -4, 2.999 ],
			"to": [ 9, -3, 3 ],
			"rotation": { "origin": [ 13, -5, 3 ], "axis": "y", "angle": 45 },
			"faces": {
				"north": { "uv": [ 9, 3, 11, 4 ], "texture": "#cross", "cullface": "down" },
				"south": { "uv": [ 9, 3, 11, 4 ], "texture": "#cross", "cullface": "down" }
			}
		},
		{
			"__comment": "PlaneZ6",
			"from": [ 8, -6, 2.999 ],
			"to": [ 9, -4, 3 ],
			"rotation": { "origin": [ 13, -5, 3 ], "axis": "y", "angle": 45 },
			"faces": {
				"north": { "uv": [ 10, 4, 11, 6 ], "texture": "#cross", "cullface": "down" },
				"south": { "uv": [ 10, 4, 11, 6 ], "texture": "#cross", "cullface": "down" }
			}
		},
		{
			"__comment": "PlaneZ6",
			"from": [ 5, -6, 2.999 ],
			"to": [ 6, -3, 3 ],
			"rotation": { "origin": [ 13, -5, 3 ], "axis": "y", "angle": 45 },
			"faces": {
				"north": { "uv": [ 7, 3, 8, 6 ], "texture": "#cross", "cullface": "down" },
				"south": { "uv": [ 7, 3, 8, 6 ], "texture": "#cross", "cullface": "down" }
			}
		},
		{
			"__comment": "PlaneZ6",
			"from": [ 4, -8, 2.999 ],
			"to": [ 5, -6, 3 ],
			"rotation": { "origin": [ 13, -5, 3 ], "axis": "y", "angle": 45 },
			"faces": {
				"north": { "uv": [ 6, 6, 7, 8 ], "texture": "#cross", "cullface": "down" },
				"south": { "uv": [ 6, 6, 7, 8 ], "texture": "#cross", "cullface": "down" }
			}
		},
		{
			"__comment": "PlaneZ6",
			"from": [ 6, -9, 2.999 ],
			"to": [ 7, -6, 3 ],
			"rotation": { "origin": [ 13, -5, 3 ], "axis": "y", "angle": 45 },
			"faces": {
				"north": { "uv": [ 8, 6, 9, 9 ], "texture": "#cross", "cullface": "down" },
				"south": { "uv": [ 8, 6, 9, 9 ], "texture": "#cross", "cullface": "down" }
			}
		},
		{
			"__comment": "PlaneZ6",
			"from": [ 7, -8, 2.999 ],
			"to": [ 8, -7, 3 ],
			"rotation": { "origin": [ 13, -5, 3 ], "axis": "y", "angle": 45 },
			"faces": {
				"north": { "uv": [ 9, 7, 10, 8 ], "texture": "#cross", "cullface": "down" },
				"south": { "uv": [ 9, 7, 10, 8 ], "texture": "#cross", "cullface": "down" }
			}
		},
		{
			"__comment": "PlaneZ6",
			"from": [ 3, -5, 2.999 ],
			"to": [ 4, -4, 3 ],
			"rotation": { "origin": [ 13, -5, 3 ], "axis": "y", "angle": 45 },
			"faces": {
				"north": { "uv": [ 5, 4, 6, 5 ], "texture": "#cross", "cullface": "down" },
				"south": { "uv": [ 5, 4, 6, 5 ], "texture": "#cross", "cullface": "down" }
			}
		},
		{
			"__comment": "PlaneZ6",
			"from": [ -1, -4, 2.9991 ],
			"to": [ 0, -2, 3.0001 ],
			"rotation": { "origin": [ 13, -5, 3 ], "axis": "y", "angle": 45 },
			"faces": {
				"north": { "uv": [ 1, 2, 2, 4 ], "texture": "#cross", "cullface": "down" },
				"south": { "uv": [ 1, 2, 2, 4 ], "texture": "#cross", "cullface": "down" }
			}
		},
		{
			"__comment": "PlaneZ6",
			"from": [ 2, -4, 2.9991 ],
			"to": [ 3, -2, 3.0001 ],
			"rotation": { "origin": [ 13, -5, 3 ], "axis": "y", "angle": 45 },
			"faces": {
				"north": { "uv": [ 4, 2, 5, 4 ], "texture": "#cross", "cullface": "down" },
				"south": { "uv": [ 4, 2, 5, 4 ], "texture": "#cross", "cullface": "down" }
			}
		},
		{
			"__comment": "PlaneZ6",
			"from": [ 1, -6, 2.9991 ],
			"to": [ 2, -4, 3.0001 ],
			"rotation": { "origin": [ 13, -5, 3 ], "axis": "y", "angle": 45 },
			"faces": {
				"north": { "uv": [ 3, 4, 4, 6 ], "texture": "#cross", "cullface": "down" },
				"south": { "uv": [ 3, 4, 4, 6 ], "texture": "#cross", "cullface": "down" }
			}
		},
		{
			"__comment": "PlaneZ6",
			"from": [ 3, -5, 3 ],
			"to": [ 4, -3, 3.001 ],
			"rotation": { "origin": [ 3, -5, 3 ], "axis": "y", "angle": -45 },
			"faces": {
				"north": { "uv": [ 15, 3, 14, 5 ], "texture": "#cross", "cullface": "down" },
				"south": { "uv": [ 14, 3, 15, 5 ], "texture": "#cross", "cullface": "down" }
			}
		},
		{
			"__comment": "PlaneZ6",
			"from": [ 3, -1, 3 ],
			"to": [ 4, 0, 3.001 ],
			"rotation": { "origin": [ 3, -5, 3 ], "axis": "y", "angle": -45 },
			"faces": {
				"north": { "uv": [ 14, 0, 15, 1 ], "texture": "#cross", "cullface": "down" },
				"south": { "uv": [ 14, 0, 15, 1 ], "texture": "#cross", "cullface": "down" }
			}
		},
		{
			"__comment": "PlaneZ6",
			"from": [ 5, -1, 3 ],
			"to": [ 13, 0, 3.001 ],
			"rotation": { "origin": [ 3, -5, 3 ], "axis": "y", "angle": -45 },
			"faces": {
				"north": { "uv": [ 5, 0, 13, 1 ], "texture": "#cross", "cullface": "down" },
				"south": { "uv": [ 5, 0, 13, 1 ], "texture": "#cross", "cullface": "down" }
			}
		},
		{
			"__comment": "PlaneZ6",
			"from": [ 14, -1, 3 ],
			"to": [ 17, 0, 3.001 ],
			"rotation": { "origin": [ 3, -5, 3 ], "axis": "y", "angle": -45 },
			"faces": {
				"north": { "uv": [ 1, 0, 4, 1 ], "texture": "#cross", "cullface": "down" },
				"south": { "uv": [ 1, 0, 4, 1 ], "texture": "#cross", "cullface": "down" }
			}
		},
		{
			"__comment": "PlaneZ6",
			"from": [ 7, -2, 3 ],
			"to": [ 16, -1, 3.001 ],
			"rotation": { "origin": [ 3, -5, 3 ], "axis": "y", "angle": -45 },
			"faces": {
				"north": { "uv": [ 2, 1, 11, 2 ], "texture": "#cross", "cullface": "down" },
				"south": { "uv": [ 2, 1, 11, 2 ], "texture": "#cross", "cullface": "down" }
			}
		},
		{
			"__comment": "PlaneZ6",
			"from": [ 11, -3, 3 ],
			"to": [ 12, -2, 3.001 ],
			"rotation": { "origin": [ 3, -5, 3 ], "axis": "y", "angle": -45 },
			"faces": {
				"north": { "uv": [ 6, 2, 7, 3 ], "texture": "#cross", "cullface": "down" },
				"south": { "uv": [ 9, 2, 10, 3 ], "texture": "#cross", "cullface": "down" }
			}
		},
		{
			"__comment": "PlaneZ6",
			"from": [ 4, -3, 3 ],
			"to": [ 5, -2, 3.001 ],
			"rotation": { "origin": [ 3, -5, 3 ], "axis": "y", "angle": -45 },
			"faces": {
				"north": { "uv": [ 13, 2, 14, 3 ], "texture": "#cross", "cullface": "down" },
				"south": { "uv": [ 13, 2, 14, 3 ], "texture": "#cross", "cullface": "down" }
			}
		},
		{
			"__comment": "PlaneZ6",
			"from": [ 5, -4, 3 ],
			"to": [ 6, -3, 3.001 ],
			"rotation": { "origin": [ 3, -5, 3 ], "axis": "y", "angle": -45 },
			"faces": {
				"north": { "uv": [ 12, 3, 13, 4 ], "texture": "#cross", "cullface": "down" },
				"south": { "uv": [ 12, 3, 13, 4 ], "texture": "#cross", "cullface": "down" }
			}
		},
		{
			"__comment": "PlaneZ6",
			"from": [ 4, -2, 3 ],
			"to": [ 6, -1, 3.001 ],
			"rotation": { "origin": [ 3, -5, 3 ], "axis": "y", "angle": -45 },
			"faces": {
				"north": { "uv": [ 12, 1, 14, 2 ], "texture": "#cross", "cullface": "down" },
				"south": { "uv": [ 12, 1, 14, 2 ], "texture": "#cross", "cullface": "down" }
			}
		},
		{
			"__comment": "PlaneZ6",
			"from": [ 8, -3, 3 ],
			"to": [ 10, -2, 3.001 ],
			"rotation": { "origin": [ 3, -5, 3 ], "axis": "y", "angle": -45 },
			"faces": {
				"north": { "uv": [ 8, 2, 10, 3 ], "texture": "#cross", "cullface": "down" },
				"south": { "uv": [ 8, 2, 10, 3 ], "texture": "#cross", "cullface": "down" }
			}
		},
		{
			"__comment": "PlaneZ6",
			"from": [ 7, -4, 3 ],
			"to": [ 9, -3, 3.001 ],
			"rotation": { "origin": [ 3, -5, 3 ], "axis": "y", "angle": -45 },
			"faces": {
				"north": { "uv": [ 9, 3, 11, 4 ], "texture": "#cross", "cullface": "down" },
				"south": { "uv": [ 9, 3, 11, 4 ], "texture": "#cross", "cullface": "down" }
			}
		},
		{
			"__comment": "PlaneZ6",
			"from": [ 7, -6, 3 ],
			"to": [ 8, -4, 3.001 ],
			"rotation": { "origin": [ 3, -5, 3 ], "axis": "y", "angle": -45 },
			"faces": {
				"north": { "uv": [ 10, 4, 11, 6 ], "texture": "#cross", "cullface": "down" },
				"south": { "uv": [ 10, 4, 11, 6 ], "texture": "#cross", "cullface": "down" }
			}
		},
		{
			"__comment": "PlaneZ6",
			"from": [ 10, -6, 3 ],
			"to": [ 11, -3, 3.001 ],
			"rotation": { "origin": [ 3, -5, 3 ], "axis": "y", "angle": -45 },
			"faces": {
				"north": { "uv": [ 7, 3, 8, 6 ], "texture": "#cross", "cullface": "down" },
				"south": { "uv": [ 7, 3, 8, 6 ], "texture": "#cross", "cullface": "down" }
			}
		},
		{
			"__comment": "PlaneZ6",
			"from": [ 11, -8, 3 ],
			"to": [ 12, -6, 3.001 ],
			"rotation": { "origin": [ 3, -5, 3 ], "axis": "y", "angle": -45 },
			"faces": {
				"north": { "uv": [ 6, 6, 7, 8 ], "texture": "#cross", "cullface": "down" },
				"south": { "uv": [ 6, 6, 7, 8 ], "texture": "#cross", "cullface": "down" }
			}
		},
		{
			"__comment": "PlaneZ6",
			"from": [ 9, -9, 3 ],
			"to": [ 10, -6, 3.001 ],
			"rotation": { "origin": [ 3, -5, 3 ], "axis": "y", "angle": -45 },
			"faces": {
				"north": { "uv": [ 8, 6, 9, 9 ], "texture": "#cross", "cullface": "down" },
				"south": { "uv": [ 8, 6, 9, 9 ], "texture": "#cross", "cullface": "down" }
			}
		},
		{
			"__comment": "PlaneZ6",
			"from": [ 8, -8, 3 ],
			"to": [ 9, -7, 3.001 ],
			"rotation": { "origin": [ 3, -5, 3 ], "axis": "y", "angle": -45 },
			"faces": {
				"north": { "uv": [ 9, 7, 10, 8 ], "texture": "#cross", "cullface": "down" },
				"south": { "uv": [ 9, 7, 10, 8 ], "texture": "#cross", "cullface": "down" }
			}
		},
		{
			"__comment": "PlaneZ6",
			"from": [ 12, -5, 3 ],
			"to": [ 13, -4, 3.001 ],
			"rotation": { "origin": [ 3, -5, 3 ], "axis": "y", "angle": -45 },
			"faces": {
				"north": { "uv": [ 5, 4, 6, 5 ], "texture": "#cross", "cullface": "down" },
				"south": { "uv": [ 5, 4, 6, 5 ], "texture": "#cross", "cullface": "down" }
			}
		},
		{
			"__comment": "PlaneZ6",
			"from": [ 16, -4, 3 ],
			"to": [ 17, -2, 3.001 ],
			"rotation": { "origin": [ 3, -5, 3 ], "axis": "y", "angle": -45 },
			"faces": {
				"north": { "uv": [ 1, 2, 2, 4 ], "texture": "#cross", "cullface": "down" },
				"south": { "uv": [ 1, 2, 2, 4 ], "texture": "#cross", "cullface": "down" }
			}
		},
		{
			"__comment": "PlaneZ6",
			"from": [ 13, -4, 3 ],
			"to": [ 14, -2, 3.001 ],
			"rotation": { "origin": [ 3, -5, 3 ], "axis": "y", "angle": -45 },
			"faces": {
				"north": { "uv": [ 4, 2, 5, 4 ], "texture": "#cross", "cullface": "down" },
				"south": { "uv": [ 4, 2, 5, 4 ], "texture": "#cross", "cullface": "down" }
			}
		},
		{
			"__comment": "PlaneZ6",
			"from": [ 14, -6, 3 ],
			"to": [ 15, -4, 3.001 ],
			"rotation": { "origin": [ 3, -5, 3 ], "axis": "y", "angle": -45 },
			"faces": {
				"north": { "uv": [ 3, 4, 4, 6 ], "texture": "#cross", "cullface": "down" },
				"south": { "uv": [ 3, 4, 4, 6 ], "texture": "#cross", "cullface": "down" }
			}
		}
	]
}