{
	"__comment": "Created by _GrandMagus_",
	"parent": "block/cube_bottom_top",
	"textures": {
		"bottom": "block/dirt",
		"top": "block/podzol_top",
		"side": "block/podzol_side",
		"cobble": "block/cobblestone"
	},
	"elements": [
		{
			"__comment": "Cube1",
			"from": [ 0, 0, 0 ],
			"to": [ 16, 16, 16 ],
			"faces": {
				"down": { "uv": [ 0, 0, 16, 16 ], "texture": "#bottom", "cullface": "down" },
				"up": { "uv": [ 0, 0, 16, 16 ], "texture": "#top", "cullface": "up" },
				"north": { "uv": [ 0, 0, 16, 16 ], "texture": "#side", "cullface": "north" },
				"south": { "uv": [ 0, 0, 16, 16 ], "texture": "#side", "cullface": "south" },
				"west": { "uv": [ 0, 0, 16, 16 ], "texture": "#side", "cullface": "west" },
				"east": { "uv": [ 0, 0, 16, 16 ], "texture": "#side", "cullface": "east" }
			}
		},
		{
			"__comment": "Cube2",
			"from": [ 4.75, 16, 9.125 ],
			"to": [ 5.75, 17.5, 10.125 ],
			"rotation": { "origin": [ 4.75, 16, 9.125 ], "axis": "y", "angle": -22.5 },
			"faces": {
				"up": { "uv": [ 8, 6, 9, 7 ], "texture": "#cobble", "cullface": "up" },
				"north": { "uv": [ 7, 7, 8, 8 ], "texture": "#cobble", "cullface": "up" },
				"south": { "uv": [ 8, 7, 9, 8 ], "texture": "#cobble", "cullface": "up" },
				"west": { "uv": [ 7, 7, 8, 8 ], "texture": "#cobble", "cullface": "up" },
				"east": { "uv": [ 8, 7, 9, 8 ], "texture": "#cobble", "cullface": "up" }
			}
		},
		{
			"__comment": "Cube2",
			"from": [ 4.3087, 16, 9.0381 ],
			"to": [ 6.3087, 17, 11.0381 ],
			"faces": {
				"up": { "uv": [ 8, 6, 10, 8 ], "texture": "#cobble", "cullface": "up" },
				"north": { "uv": [ 6, 7, 8, 8 ], "texture": "#cobble", "cullface": "up" },
				"south": { "uv": [ 8, 7, 10, 8 ], "texture": "#cobble", "cullface": "up" },
				"west": { "uv": [ 6, 7, 8, 8 ], "texture": "#cobble", "cullface": "up" },
				"east": { "uv": [ 8, 7, 10, 8 ], "texture": "#cobble", "cullface": "up" }
			}
		},
		{
			"__comment": "Cube2",
			"from": [ 3.5, 16, 12 ],
			"to": [ 6.5, 17, 14 ],
			"rotation": { "origin": [ 4.5, 16, 9.5 ], "axis": "y", "angle": 22.5 },
			"faces": {
				"up": { "uv": [ 7, 9, 10, 11 ], "texture": "#cobble", "cullface": "up" },
				"north": { "uv": [ 6, 7, 9, 8 ], "texture": "#cobble", "cullface": "up" },
				"south": { "uv": [ 7, 7, 10, 8 ], "texture": "#cobble", "cullface": "up" },
				"west": { "uv": [ 9, 7, 11, 8 ], "texture": "#cobble", "cullface": "up" },
				"east": { "uv": [ 5, 7, 7, 8 ], "texture": "#cobble", "cullface": "up" }
			}
		}
	]
}