{
	"__comment": "Created by _GrandMagus_",
	"parent": "block/cube_bottom_top",
	"textures": {
		"bottom": "block/dirt",
		"top": "block/podzol_top",
		"side": "block/podzol_side",
		"stick": "block/spruce_log_top"
	},
	"elements": [
		{
			"__comment": "Cube1",
			"from": [ 0, 0, 0 ],
			"to": [ 16, 16, 16 ],
			"faces": {
				"down": { "uv": [ 0, 0, 16, 16 ], "texture": "#bottom", "cullface": "down" },
				"up": { "uv": [ 0, 0, 16, 16 ], "texture": "#top", "cullface": "up" },
				"north": { "uv": [ 0, 0, 16, 16 ], "texture": "#side", "cullface": "north" },
				"south": { "uv": [ 0, 0, 16, 16 ], "texture": "#side", "cullface": "south" },
				"west": { "uv": [ 0, 0, 16, 16 ], "texture": "#side", "cullface": "west" },
				"east": { "uv": [ 0, 0, 16, 16 ], "texture": "#side", "cullface": "east" }
			}
		},
		{
			"__comment": "Cube7",
			"from": [ 8.5, 16, 4.5 ],
			"to": [ 9.5, 17, 13.5 ],
			"rotation": { "origin": [ 9.5, 16, 4.5 ], "axis": "y", "angle": 22.5 },
			"faces": {
				"up": { "uv": [ 5, 6, 14, 7 ], "texture": "#stick", "cullface": "up", "rotation": 90 },
				"north": { "uv": [ 5, 6, 6, 7 ], "texture": "#stick", "cullface": "up" },
				"south": { "uv": [ 13, 6, 14, 7 ], "texture": "#stick", "cullface": "up" },
				"west": { "uv": [ 5, 6, 14, 7 ], "texture": "#stick", "cullface": "up" },
				"east": { "uv": [ 14, 6, 5, 7 ], "texture": "#stick", "cullface": "up" }
			}
		}
	]
}