{
    "credit": "Made with Blockbench by _GrandMagus_",
	"parent": "block/block",
	"textures": {
		"side": "block/respawn_anchor_side4",
		"bottom": "block/respawn_anchor_bottom",
		"particle": "block/respawn_anchor_top",
		"top": "block/respawn_anchor_top"
	},
	"elements": [
		{
			"from": [0, 0, 0],
			"to": [16, 16, 16],
			"faces": {
				"north": {"uv": [0, 0, 16, 16], "texture": "#side", "cullface": "north"},
				"east": {"uv": [0, 0, 16, 16], "texture": "#side", "cullface": "east"},
				"south": {"uv": [0, 0, 16, 16], "texture": "#side", "cullface": "south"},
				"west": {"uv": [0, 0, 16, 16], "texture": "#side", "cullface": "west"},
				"down": {"uv": [0, 0, 16, 16], "texture": "#bottom", "cullface": "down"}
			}
		},
		{
			"from": [-1, 13, 5],
			"to": [0, 15, 11],
			"rotation": {"angle": 0, "axis": "y", "origin": [-8, 8, 8]},
			"faces": {
				"north": {"uv": [5, 1, 6, 3], "texture": "#side", "cullface": "west"},
				"south": {"uv": [10, 1, 11, 3], "texture": "#side", "cullface": "west"},
				"west": {"uv": [5, 1, 11, 3], "texture": "#side", "cullface": "west"},
				"up": {"uv": [5, 1, 11, 2], "rotation": 90, "texture": "#side", "cullface": "west"},
				"down": {"uv": [5, 2, 11, 3], "rotation": 270, "texture": "#side", "cullface": "west"}
			}
		},
		{
			"from": [5, 13, 16],
			"to": [11, 15, 17],
			"rotation": {"angle": 0, "axis": "y", "origin": [8, 11, 16]},
			"faces": {
				"east": {"uv": [10, 1, 11, 3], "texture": "#side", "cullface": "south"},
				"south": {"uv": [5, 1, 11, 3], "texture": "#side", "cullface": "south"},
				"west": {"uv": [5, 1, 6, 3], "texture": "#side", "cullface": "south"},
				"up": {"uv": [5, 1, 11, 2], "texture": "#side", "cullface": "south"},
				"down": {"uv": [5, 2, 11, 3], "texture": "#side", "cullface": "south"}
			}
		},
		{
			"from": [16, 13, 5],
			"to": [17, 15, 11],
			"rotation": {"angle": 0, "axis": "y", "origin": [16, 11, 8]},
			"faces": {
				"north": {"uv": [10, 1, 11, 3], "texture": "#side", "cullface": "east"},
				"east": {"uv": [5, 1, 11, 3], "texture": "#side", "cullface": "east"},
				"south": {"uv": [5, 1, 6, 3], "texture": "#side", "cullface": "east"},
				"up": {"uv": [5, 1, 11, 2], "rotation": 270, "texture": "#side", "cullface": "east"},
				"down": {"uv": [5, 2, 11, 3], "rotation": 90, "texture": "#side", "cullface": "east"}
			}
		},
		{
			"from": [5, 13, -1],
			"to": [11, 15, 0],
			"rotation": {"angle": 0, "axis": "y", "origin": [8, 11, 0]},
			"faces": {
				"north": {"uv": [5, 1, 11, 3], "texture": "#side", "cullface": "north"},
				"east": {"uv": [5, 1, 6, 3], "texture": "#side", "cullface": "north"},
				"west": {"uv": [10, 1, 11, 3], "texture": "#side", "cullface": "north"},
				"up": {"uv": [5, 1, 11, 2], "rotation": 180, "texture": "#side", "cullface": "north"},
				"down": {"uv": [5, 2, 11, 3], "rotation": 180, "texture": "#side", "cullface": "north"}
			}
		},
		{
			"from": [-0.5, 12, 2],
			"to": [0, 13, 4],
			"rotation": {"angle": 0, "axis": "y", "origin": [-8, 7, 5]},
			"faces": {
				"north": {"uv": [2, 3, 3, 4], "texture": "#side", "cullface": "west"},
				"west": {"uv": [2, 3, 4, 4], "texture": "#side", "cullface": "west"},
				"up": {"uv": [2, 3, 4, 4], "rotation": 90, "texture": "#side", "cullface": "west"},
				"down": {"uv": [2, 3, 4, 4], "rotation": 270, "texture": "#side", "cullface": "west"}
			}
		},
		{
			"from": [2, 12, 16],
			"to": [4, 13, 16.5],
			"rotation": {"angle": 0, "axis": "y", "origin": [8, 11, 16]},
			"faces": {
				"south": {"uv": [2, 3, 4, 4], "texture": "#side", "cullface": "south"},
				"west": {"uv": [2, 3, 3, 4], "texture": "#side", "cullface": "south"},
				"up": {"uv": [2, 3, 4, 4], "texture": "#side", "cullface": "south"},
				"down": {"uv": [2, 3, 4, 4], "texture": "#side", "cullface": "south"}
			}
		},
		{
			"from": [16, 12, 12],
			"to": [16.5, 13, 14],
			"rotation": {"angle": 0, "axis": "y", "origin": [16, 11, 8]},
			"faces": {
				"east": {"uv": [2, 3, 4, 4], "texture": "#side", "cullface": "east"},
				"south": {"uv": [2, 3, 3, 4], "texture": "#side", "cullface": "east"},
				"up": {"uv": [2, 3, 4, 4], "rotation": 270, "texture": "#side", "cullface": "east"},
				"down": {"uv": [2, 3, 4, 4], "rotation": 90, "texture": "#side", "cullface": "east"}
			}
		},
		{
			"from": [12, 12, -0.5],
			"to": [14, 13, 0],
			"rotation": {"angle": 0, "axis": "y", "origin": [8, 11, 0]},
			"faces": {
				"north": {"uv": [2, 3, 4, 4], "texture": "#side", "cullface": "north"},
				"east": {"uv": [2, 3, 3, 4], "texture": "#side", "cullface": "north"},
				"up": {"uv": [2, 3, 4, 4], "rotation": 180, "texture": "#side", "cullface": "north"},
				"down": {"uv": [2, 3, 4, 4], "rotation": 180, "texture": "#side", "cullface": "north"}
			}
		},
		{
			"from": [-0.5, 12, 12],
			"to": [0, 13, 14],
			"rotation": {"angle": 0, "axis": "y", "origin": [-8, 7, 15]},
			"faces": {
				"south": {"uv": [3, 3, 4, 4], "texture": "#side", "cullface": "west"},
				"west": {"uv": [2, 3, 4, 4], "texture": "#side", "cullface": "west"},
				"up": {"uv": [2, 3, 4, 4], "rotation": 90, "texture": "#side", "cullface": "west"},
				"down": {"uv": [2, 3, 4, 4], "rotation": 270, "texture": "#side", "cullface": "west"}
			}
		},
		{
			"from": [12, 12, 16],
			"to": [14, 13, 16.5],
			"rotation": {"angle": 0, "axis": "y", "origin": [8, 11, 16]},
			"faces": {
				"east": {"uv": [3, 3, 4, 4], "texture": "#side", "cullface": "south"},
				"south": {"uv": [2, 3, 4, 4], "texture": "#side", "cullface": "south"},
				"up": {"uv": [2, 3, 4, 4], "texture": "#side", "cullface": "south"},
				"down": {"uv": [2, 3, 4, 4], "texture": "#side", "cullface": "south"}
			}
		},
		{
			"from": [16, 12, 2],
			"to": [16.5, 13, 4],
			"rotation": {"angle": 0, "axis": "y", "origin": [16, 11, 8]},
			"faces": {
				"north": {"uv": [3, 3, 4, 4], "texture": "#side", "cullface": "east"},
				"east": {"uv": [2, 3, 4, 4], "texture": "#side", "cullface": "east"},
				"up": {"uv": [2, 3, 4, 4], "rotation": 270, "texture": "#side", "cullface": "east"},
				"down": {"uv": [2, 3, 4, 4], "rotation": 90, "texture": "#side", "cullface": "east"}
			}
		},
		{
			"from": [2, 12, -0.5],
			"to": [4, 13, 0],
			"rotation": {"angle": 0, "axis": "y", "origin": [8, 11, 0]},
			"faces": {
				"north": {"uv": [2, 3, 4, 4], "texture": "#side", "cullface": "north"},
				"west": {"uv": [3, 3, 4, 4], "texture": "#side", "cullface": "north"},
				"up": {"uv": [2, 3, 4, 4], "rotation": 180, "texture": "#side", "cullface": "north"},
				"down": {"uv": [2, 3, 4, 4], "rotation": 180, "texture": "#side", "cullface": "north"}
			}
		},
		{
			"from": [-1, 7, 5],
			"to": [0, 9, 11],
			"rotation": {"angle": 0, "axis": "y", "origin": [-8, 2, 8]},
			"faces": {
				"north": {"uv": [5, 7, 6, 9], "texture": "#side", "cullface": "west"},
				"south": {"uv": [10, 7, 11, 9], "texture": "#side", "cullface": "west"},
				"west": {"uv": [5, 7, 11, 9], "texture": "#side", "cullface": "west"},
				"up": {"uv": [5, 7, 11, 8], "rotation": 90, "texture": "#side", "cullface": "west"},
				"down": {"uv": [5, 8, 11, 9], "rotation": 270, "texture": "#side", "cullface": "west"}
			}
		},
		{
			"from": [5, 7, 16],
			"to": [11, 9, 17],
			"rotation": {"angle": 0, "axis": "y", "origin": [8, 11, 16]},
			"faces": {
				"east": {"uv": [10, 7, 11, 9], "texture": "#side", "cullface": "south"},
				"south": {"uv": [5, 7, 11, 9], "texture": "#side", "cullface": "south"},
				"west": {"uv": [5, 7, 6, 9], "texture": "#side", "cullface": "south"},
				"up": {"uv": [5, 7, 11, 8], "texture": "#side", "cullface": "south"},
				"down": {"uv": [5, 8, 11, 9], "texture": "#side", "cullface": "south"}
			}
		},
		{
			"from": [16, 7, 5],
			"to": [17, 9, 11],
			"rotation": {"angle": 0, "axis": "y", "origin": [16, 11, 8]},
			"faces": {
				"north": {"uv": [10, 7, 11, 9], "texture": "#side", "cullface": "east"},
				"east": {"uv": [5, 7, 11, 9], "texture": "#side", "cullface": "east"},
				"south": {"uv": [5, 7, 6, 9], "texture": "#side", "cullface": "east"},
				"up": {"uv": [5, 7, 11, 8], "rotation": 270, "texture": "#side", "cullface": "east"},
				"down": {"uv": [5, 8, 11, 9], "rotation": 90, "texture": "#side", "cullface": "east"}
			}
		},
		{
			"from": [5, 7, -1],
			"to": [11, 9, 0],
			"rotation": {"angle": 0, "axis": "y", "origin": [8, 11, 0]},
			"faces": {
				"north": {"uv": [5, 7, 11, 9], "texture": "#side", "cullface": "north"},
				"east": {"uv": [5, 7, 6, 9], "texture": "#side", "cullface": "north"},
				"west": {"uv": [10, 7, 11, 9], "texture": "#side", "cullface": "north"},
				"up": {"uv": [5, 7, 11, 8], "rotation": 180, "texture": "#side", "cullface": "north"},
				"down": {"uv": [5, 8, 11, 9], "rotation": 180, "texture": "#side", "cullface": "north"}
			}
		},
		{
			"from": [-0.5, 6, 6],
			"to": [0, 7, 10],
			"rotation": {"angle": 0, "axis": "y", "origin": [-8, 0, 8]},
			"faces": {
				"north": {"uv": [6, 9, 7, 10], "texture": "#side", "cullface": "west"},
				"south": {"uv": [9, 9, 10, 10], "texture": "#side", "cullface": "west"},
				"west": {"uv": [6, 9, 10, 10], "texture": "#side", "cullface": "west"},
				"up": {"uv": [6, 9, 10, 10], "rotation": 90, "texture": "#side", "cullface": "west"},
				"down": {"uv": [6, 9, 10, 10], "rotation": 270, "texture": "#side", "cullface": "west"}
			}
		},
		{
			"from": [6, 6, 16],
			"to": [10, 7, 16.5],
			"rotation": {"angle": 0, "axis": "y", "origin": [8, 11, 16]},
			"faces": {
				"east": {"uv": [9, 9, 10, 10], "texture": "#side", "cullface": "south"},
				"south": {"uv": [6, 9, 10, 10], "texture": "#side", "cullface": "south"},
				"west": {"uv": [6, 9, 7, 10], "texture": "#side", "cullface": "south"},
				"up": {"uv": [6, 9, 10, 10], "texture": "#side", "cullface": "south"},
				"down": {"uv": [6, 9, 10, 10], "texture": "#side", "cullface": "south"}
			}
		},
		{
			"from": [16, 6, 6],
			"to": [16.5, 7, 10],
			"rotation": {"angle": 0, "axis": "y", "origin": [16, 11, 8]},
			"faces": {
				"north": {"uv": [9, 9, 10, 10], "texture": "#side", "cullface": "east"},
				"east": {"uv": [6, 9, 10, 10], "texture": "#side", "cullface": "east"},
				"south": {"uv": [6, 9, 7, 10], "texture": "#side", "cullface": "east"},
				"up": {"uv": [6, 9, 10, 10], "rotation": 270, "texture": "#side", "cullface": "east"},
				"down": {"uv": [6, 9, 10, 10], "rotation": 90, "texture": "#side", "cullface": "east"}
			}
		},
		{
			"from": [6, 6, -0.5],
			"to": [10, 7, 0],
			"rotation": {"angle": 0, "axis": "y", "origin": [8, 11, 0]},
			"faces": {
				"north": {"uv": [6, 9, 10, 10], "texture": "#side", "cullface": "north"},
				"east": {"uv": [6, 9, 7, 10], "texture": "#side", "cullface": "north"},
				"west": {"uv": [9, 9, 10, 10], "texture": "#side", "cullface": "north"},
				"down": {"uv": [6, 9, 10, 10], "rotation": 180, "texture": "#side", "cullface": "north"}
			}
		},
		{
			"from": [-1, 9, 4],
			"to": [0, 14, 6],
			"rotation": {"angle": 0, "axis": "y", "origin": [-8, 6, 7]},
			"faces": {
				"north": {"uv": [4, 2, 5, 7], "texture": "#side", "cullface": "west"},
				"south": {"uv": [5, 2, 6, 7], "texture": "#side", "cullface": "west"},
				"west": {"uv": [4, 2, 6, 7], "texture": "#side", "cullface": "west"},
				"up": {"uv": [4, 2, 6, 3], "rotation": 90, "texture": "#side", "cullface": "west"},
				"down": {"uv": [5, 2, 11, 3], "rotation": 270, "texture": "#side", "cullface": "west"}
			}
		},
		{
			"from": [4, 9, 16],
			"to": [6, 14, 17],
			"rotation": {"angle": 0, "axis": "y", "origin": [8, 11, 16]},
			"faces": {
				"east": {"uv": [5, 2, 6, 7], "texture": "#side", "cullface": "south"},
				"south": {"uv": [4, 2, 6, 7], "texture": "#side", "cullface": "south"},
				"west": {"uv": [4, 2, 5, 7], "texture": "#side", "cullface": "south"},
				"up": {"uv": [4, 2, 6, 3], "texture": "#side", "cullface": "south"},
				"down": {"uv": [5, 2, 11, 3], "texture": "#side", "cullface": "south"}
			}
		},
		{
			"from": [16, 9, 10],
			"to": [17, 14, 12],
			"rotation": {"angle": 0, "axis": "y", "origin": [16, 11, 8]},
			"faces": {
				"north": {"uv": [5, 2, 6, 7], "texture": "#side", "cullface": "east"},
				"east": {"uv": [4, 2, 6, 7], "texture": "#side", "cullface": "east"},
				"south": {"uv": [4, 2, 5, 7], "texture": "#side", "cullface": "east"},
				"up": {"uv": [4, 2, 6, 3], "rotation": 270, "texture": "#side", "cullface": "east"},
				"down": {"uv": [5, 2, 11, 3], "rotation": 90, "texture": "#side", "cullface": "east"}
			}
		},
		{
			"from": [10, 9, -1],
			"to": [12, 14, 0],
			"rotation": {"angle": 0, "axis": "y", "origin": [8, 11, 0]},
			"faces": {
				"north": {"uv": [4, 2, 6, 7], "texture": "#side", "cullface": "north"},
				"east": {"uv": [4, 2, 5, 7], "texture": "#side", "cullface": "north"},
				"west": {"uv": [5, 2, 6, 7], "texture": "#side", "cullface": "north"},
				"up": {"uv": [4, 2, 6, 3], "rotation": 180, "texture": "#side", "cullface": "north"},
				"down": {"uv": [5, 2, 11, 3], "rotation": 180, "texture": "#side", "cullface": "north"}
			}
		},
		{
			"from": [-1, 9, 10],
			"to": [0, 14, 12],
			"rotation": {"angle": 0, "axis": "y", "origin": [-8, 6, 13]},
			"faces": {
				"north": {"uv": [10, 2, 11, 7], "texture": "#side", "cullface": "west"},
				"south": {"uv": [11, 2, 12, 7], "texture": "#side", "cullface": "west"},
				"west": {"uv": [10, 2, 12, 7], "texture": "#side", "cullface": "west"},
				"up": {"uv": [10, 2, 12, 3], "rotation": 90, "texture": "#side", "cullface": "west"},
				"down": {"uv": [5, 2, 11, 3], "rotation": 270, "texture": "#side", "cullface": "west"}
			}
		},
		{
			"from": [10, 9, 16],
			"to": [12, 14, 17],
			"rotation": {"angle": 0, "axis": "y", "origin": [8, 11, 16]},
			"faces": {
				"east": {"uv": [11, 2, 12, 7], "texture": "#side", "cullface": "south"},
				"south": {"uv": [10, 2, 12, 7], "texture": "#side", "cullface": "south"},
				"west": {"uv": [10, 2, 11, 7], "texture": "#side", "cullface": "south"},
				"up": {"uv": [10, 2, 12, 3], "texture": "#side", "cullface": "south"},
				"down": {"uv": [5, 2, 11, 3], "texture": "#side", "cullface": "south"}
			}
		},
		{
			"from": [16, 9, 4],
			"to": [17, 14, 6],
			"rotation": {"angle": 0, "axis": "y", "origin": [16, 11, 8]},
			"faces": {
				"north": {"uv": [11, 2, 12, 7], "texture": "#side", "cullface": "east"},
				"east": {"uv": [10, 2, 12, 7], "texture": "#side", "cullface": "east"},
				"south": {"uv": [10, 2, 11, 7], "texture": "#side", "cullface": "east"},
				"up": {"uv": [10, 2, 12, 3], "rotation": 270, "texture": "#side", "cullface": "east"},
				"down": {"uv": [5, 2, 11, 3], "rotation": 90, "texture": "#side", "cullface": "east"}
			}
		},
		{
			"from": [4, 9, -1],
			"to": [6, 14, 0],
			"rotation": {"angle": 0, "axis": "y", "origin": [8, 11, 0]},
			"faces": {
				"north": {"uv": [10, 2, 12, 7], "texture": "#side", "cullface": "north"},
				"east": {"uv": [10, 2, 11, 7], "texture": "#side", "cullface": "north"},
				"west": {"uv": [11, 2, 12, 7], "texture": "#side", "cullface": "north"},
				"up": {"uv": [10, 2, 12, 3], "rotation": 180, "texture": "#side", "cullface": "north"},
				"down": {"uv": [5, 2, 11, 3], "rotation": 180, "texture": "#side", "cullface": "north"}
			}
		},
		{
			"from": [-1, 12, 9],
			"to": [0, 13, 10],
			"rotation": {"angle": 0, "axis": "y", "origin": [-8, 6, 12]},
			"faces": {
				"north": {"uv": [9, 3, 10, 4], "texture": "#side", "cullface": "west"},
				"west": {"uv": [9, 3, 10, 4], "texture": "#side", "cullface": "west"},
				"down": {"uv": [9, 3, 10, 4], "rotation": 270, "texture": "#side", "cullface": "west"}
			}
		},
		{
			"from": [16, 12, 6],
			"to": [17, 13, 7],
			"rotation": {"angle": 0, "axis": "y", "origin": [16, 11, 8]},
			"faces": {
				"east": {"uv": [9, 3, 10, 4], "texture": "#side", "cullface": "east"},
				"south": {"uv": [9, 3, 10, 4], "texture": "#side", "cullface": "east"},
				"down": {"uv": [9, 3, 10, 4], "rotation": 90, "texture": "#side", "cullface": "east"}
			}
		},
		{
			"from": [6, 12, -1],
			"to": [7, 13, 0],
			"rotation": {"angle": 0, "axis": "y", "origin": [8, 11, 0]},
			"faces": {
				"north": {"uv": [9, 3, 10, 4], "texture": "#side", "cullface": "north"},
				"east": {"uv": [9, 3, 10, 4], "texture": "#side", "cullface": "north"},
				"down": {"uv": [9, 3, 10, 4], "rotation": 180, "texture": "#side", "cullface": "north"}
			}
		},
		{
			"from": [9, 12, 16],
			"to": [10, 13, 17],
			"rotation": {"angle": 0, "axis": "y", "origin": [8, 11, 16]},
			"faces": {
				"east": {"uv": [9, 3, 10, 4], "texture": "#side", "cullface": "south"},
				"south": {"uv": [9, 3, 10, 4], "texture": "#side", "cullface": "south"},
				"west": {"uv": [9, 3, 10, 4], "texture": "#side", "cullface": "south"},
				"up": {"uv": [9, 3, 10, 4], "texture": "#side", "cullface": "south"},
				"down": {"uv": [9, 3, 10, 4], "texture": "#side", "cullface": "south"}
			}
		},
		{
			"from": [-1, 12, 6],
			"to": [0, 13, 7],
			"rotation": {"angle": 0, "axis": "y", "origin": [-8, 6, 9]},
			"faces": {
				"south": {"uv": [9, 3, 10, 4], "texture": "#side", "cullface": "west"},
				"west": {"uv": [9, 3, 10, 4], "texture": "#side", "cullface": "west"},
				"down": {"uv": [9, 3, 10, 4], "rotation": 270, "texture": "#side", "cullface": "west"}
			}
		},
		{
			"from": [6, 12, 16],
			"to": [7, 13, 17],
			"rotation": {"angle": 0, "axis": "y", "origin": [8, 11, 16]},
			"faces": {
				"east": {"uv": [9, 3, 10, 4], "texture": "#side", "cullface": "south"},
				"south": {"uv": [9, 3, 10, 4], "texture": "#side", "cullface": "south"},
				"down": {"uv": [9, 3, 10, 4], "texture": "#side", "cullface": "south"}
			}
		},
		{
			"from": [6, 9, 16],
			"to": [10, 13, 16.5],
			"rotation": {"angle": 0, "axis": "y", "origin": [8, 11, 16]},
			"faces": {
				"south": {"uv": [6, 3, 10, 7], "texture": "#side", "cullface": "south"}
			}
		},
		{
			"from": [16, 9, 6],
			"to": [16.5, 13, 10],
			"rotation": {"angle": 0, "axis": "y", "origin": [16, 11, 8]},
			"faces": {
				"east": {"uv": [6, 3, 10, 7], "texture": "#side", "cullface": "east"}
			}
		},
		{
			"from": [6, 9, -0.5],
			"to": [10, 13, 0],
			"rotation": {"angle": 0, "axis": "y", "origin": [8, 11, 0]},
			"faces": {
				"north": {"uv": [6, 3, 10, 7], "texture": "#side", "cullface": "north"}
			}
		},
		{
			"from": [-0.5, 9, 6],
			"to": [0, 13, 10],
			"rotation": {"angle": 0, "axis": "y", "origin": [0, 11, 8]},
			"faces": {
				"west": {"uv": [6, 3, 10, 7], "texture": "#side", "cullface": "west"}
			}
		},
		{
			"from": [16, 12, 9],
			"to": [17, 13, 10],
			"rotation": {"angle": 0, "axis": "y", "origin": [16, 11, 8]},
			"faces": {
				"north": {"uv": [6, 3, 7, 4], "texture": "#side", "cullface": "east"},
				"east": {"uv": [6, 3, 7, 4], "texture": "#side", "cullface": "east"},
				"down": {"uv": [6, 3, 7, 4], "rotation": 90, "texture": "#side", "cullface": "east"}
			}
		},
		{
			"from": [9, 12, -1],
			"to": [10, 13, 0],
			"rotation": {"angle": 0, "axis": "y", "origin": [8, 11, 0]},
			"faces": {
				"north": {"uv": [6, 3, 7, 4], "texture": "#side", "cullface": "south"},
				"west": {"uv": [6, 3, 7, 4], "texture": "#side", "cullface": "north"},
				"down": {"uv": [6, 3, 7, 4], "rotation": 180, "texture": "#side", "cullface": "north"}
			}
		},
		{
			"from": [-1, 9, 6],
			"to": [0, 10, 7],
			"rotation": {"angle": 0, "axis": "y", "origin": [-8, 3, 9]},
			"faces": {
				"south": {"uv": [6, 6, 7, 7], "texture": "#side", "cullface": "west"},
				"west": {"uv": [6, 6, 7, 7], "texture": "#side", "cullface": "west"},
				"up": {"uv": [6, 6, 7, 7], "rotation": 90, "texture": "#side", "cullface": "west"}
			}
		},
		{
			"from": [6, 9, 16],
			"to": [7, 10, 17],
			"rotation": {"angle": 0, "axis": "y", "origin": [8, 11, 16]},
			"faces": {
				"east": {"uv": [6, 6, 7, 7], "texture": "#side", "cullface": "south"},
				"south": {"uv": [6, 6, 7, 7], "texture": "#side", "cullface": "south"},
				"up": {"uv": [6, 6, 7, 7], "texture": "#side", "cullface": "south"}
			}
		},
		{
			"from": [16, 9, 9],
			"to": [17, 10, 10],
			"rotation": {"angle": 0, "axis": "y", "origin": [16, 11, 8]},
			"faces": {
				"north": {"uv": [6, 6, 7, 7], "texture": "#side", "cullface": "east"},
				"east": {"uv": [6, 6, 7, 7], "texture": "#side", "cullface": "east"},
				"up": {"uv": [6, 6, 7, 7], "rotation": 270, "texture": "#side", "cullface": "east"}
			}
		},
		{
			"from": [9, 9, -1],
			"to": [10, 10, 0],
			"rotation": {"angle": 0, "axis": "y", "origin": [8, 11, 0]},
			"faces": {
				"north": {"uv": [6, 6, 7, 7], "texture": "#side", "cullface": "north"},
				"west": {"uv": [6, 6, 7, 7], "texture": "#side", "cullface": "north"},
				"up": {"uv": [6, 6, 7, 7], "rotation": 180, "texture": "#side", "cullface": "north"}
			}
		},
		{
			"from": [-1, 9, 9],
			"to": [0, 10, 10],
			"rotation": {"angle": 0, "axis": "y", "origin": [-8, 3, 12]},
			"faces": {
				"north": {"uv": [6, 6, 7, 7], "texture": "#side", "cullface": "west"},
				"west": {"uv": [6, 6, 7, 7], "texture": "#side", "cullface": "west"},
				"up": {"uv": [6, 6, 7, 7], "rotation": 90, "texture": "#side", "cullface": "west"}
			}
		},
		{
			"from": [9, 9, 16],
			"to": [10, 10, 17],
			"rotation": {"angle": 0, "axis": "y", "origin": [8, 11, 16]},
			"faces": {
				"south": {"uv": [6, 6, 7, 7], "texture": "#side", "cullface": "south"},
				"west": {"uv": [6, 6, 7, 7], "texture": "#side", "cullface": "south"},
				"up": {"uv": [6, 6, 7, 7], "texture": "#side", "cullface": "south"}
			}
		},
		{
			"from": [16, 9, 6],
			"to": [17, 10, 7],
			"rotation": {"angle": 0, "axis": "y", "origin": [16, 11, 8]},
			"faces": {
				"east": {"uv": [6, 6, 7, 7], "texture": "#side", "cullface": "east"},
				"south": {"uv": [6, 6, 7, 7], "texture": "#side", "cullface": "east"},
				"up": {"uv": [6, 6, 7, 7], "rotation": 270, "texture": "#side", "cullface": "east"}
			}
		},
		{
			"from": [6, 9, -1],
			"to": [7, 10, 0],
			"rotation": {"angle": 0, "axis": "y", "origin": [8, 11, 0]},
			"faces": {
				"north": {"uv": [6, 6, 7, 7], "texture": "#side", "cullface": "north"},
				"east": {"uv": [6, 6, 7, 7], "texture": "#side", "cullface": "north"},
				"up": {"uv": [6, 6, 7, 7], "rotation": 180, "texture": "#side", "cullface": "north"}
			}
		},
		{
			"from": [0, 14, 14],
			"to": [16, 16, 16],
			"faces": {
				"north": {"uv": [0, 16, 16, 14], "rotation": 180, "texture": "#top", "cullface": "up"},
				"up": {"uv": [0, 14, 16, 16], "texture": "#top", "cullface": "up"}
			}
		},
		{
			"from": [0, 14, 0],
			"to": [16, 16, 2],
			"rotation": {"angle": 0, "axis": "y", "origin": [8, 8, -5]},
			"faces": {
				"south": {"uv": [16, 0, 0, 2], "rotation": 180, "texture": "#top", "cullface": "up"},
				"up": {"uv": [0, 0, 16, 2], "texture": "#top", "cullface": "up"}
			}
		},
		{
			"from": [0, 14, 2],
			"to": [2, 16, 14],
			"rotation": {"angle": 0, "axis": "y", "origin": [8, 8, 5]},
			"faces": {
				"east": {"uv": [0, 14, 2, 2], "rotation": 270, "texture": "#top", "cullface": "up"},
				"up": {"uv": [0, 2, 2, 14], "texture": "#top", "cullface": "up"}
			}
		},
		{
			"from": [2, 14, 2],
			"to": [14, 14, 14],
			"rotation": {"angle": 0, "axis": "y", "origin": [11, 6, 5]},
			"faces": {
				"up": {"uv": [2, 2, 14, 14], "texture": "#top", "cullface": "up"}
			}
		},
		{
			"from": [14, 14, 2],
			"to": [16, 16, 14],
			"rotation": {"angle": 0, "axis": "y", "origin": [21, 8, 5]},
			"faces": {
				"west": {"uv": [16, 2, 14, 14], "rotation": 270, "texture": "#top", "cullface": "up"},
				"up": {"uv": [14, 2, 16, 14], "texture": "#top", "cullface": "up"}
			}
		}
	]
}