{
    "credit": "Made with Blockbench by _GrandMagus_",
	"parent": "block/stairs",
	"textures": {
		"particle": "block/sandstone",
		"side": "block/sandstone",
		"top": "block/sandstone_top",
		"down": "block/sandstone_bottom"
	},
	"elements": [
		{
			"from": [ 0, 8, 0 ],
			"to": [ 8, 16, 16 ],
			"faces": {
				"down": { "uv": [ 0, 9.536743E-06, 7.999989, 16 ], "texture": "#down" },
				"up": { "uv": [ 0, 0, 7.999989, 15.99999 ], "texture": "#top", "cullface": "up" },
				"north": { "uv": [ 8.000011, 2.861023E-06, 16, 8.000003 ], "texture": "#side", "cullface": "north" },
				"south": { "uv": [ 0, 2.861023E-06, 7.999989, 8.000003 ], "texture": "#side", "cullface": "south" },
				"west": { "uv": [ 0, 2.861023E-06, 15.99999, 8.000003 ], "texture": "#side", "cullface": "west" }
			}
		},
		{
			"from": [ 8, 0, 0 ],
			"to": [ 16, 16, 16 ],
			"faces": {
				"down": { "uv": [ 7.999975, 2.670288E-05, 15.99998, 16 ], "texture": "#down", "cullface": "down" },
				"up": { "uv": [ 7.999975, 0, 15.99998, 15.99997 ], "texture": "#top", "cullface": "up" },
				"north": { "uv": [ 2.479553E-05, 0, 8.000025, 15.99998 ], "texture": "#side", "cullface": "north" },
				"south": { "uv": [ 7.999975, 0, 15.99998, 15.99998 ], "texture": "#side", "cullface": "south" },
				"west": { "uv": [ 0, 0, 15.99997, 15.99998 ], "texture": "#side" },
				"east": { "uv": [ 2.670288E-05, 0, 16, 15.99998 ], "texture": "#side", "cullface": "east" }
			}
		}
	]
}