{
	"credit": "Made with Blockbench",
	"textures": {
		"1": "block/sugar_cane_top",
		"particle": "block/sugar_cane",
		"cross": "block/sugar_cane"
	},
	"elements": [
		{
			"from": [6, 0, 7],
			"to": [8, 16, 9],
			"faces": {
				"north": {"uv": [5, 0, 7, 16], "texture": "#cross", "tintindex": 0},
				"east": {"uv": [5, 0, 7, 16], "texture": "#cross", "tintindex": 0},
				"south": {"uv": [5, 0, 7, 16], "texture": "#cross", "tintindex": 0},
				"west": {"uv": [5, 0, 7, 16], "texture": "#cross", "tintindex": 0},
				"up": {"uv": [0, 0, 2, 2], "rotation": 90, "texture": "#1", "cullface": "up"},
				"down": {"uv": [0, 2, 2, 0], "rotation": 90, "texture": "#1", "cullface": "down"}
			}
		},
		{
			"from": [2.499, -3, 1],
			"to": [2.5, 13, 2],
			"faces": {
				"east": {"uv": [3, 0, 4, 16], "texture": "#cross", "tintindex": 0},
				"west": {"uv": [3, 0, 4, 16], "texture": "#cross", "tintindex": 0}
			}
		},
		{
			"from": [4, -1, 13],
			"to": [4.001, 15, 14],
			"faces": {
				"east": {"uv": [4, 0, 5, 16], "texture": "#cross", "tintindex": 0},
				"west": {"uv": [4, 0, 5, 16], "texture": "#cross", "tintindex": 0}
			}
		},
		{
			"from": [1.5, -3, 2],
			"to": [3.5, 13, 4],
			"faces": {
				"north": {"uv": [1, 0, 3, 16], "texture": "#cross", "tintindex": 0},
				"east": {"uv": [1, 0, 3, 16], "texture": "#cross", "tintindex": 0},
				"south": {"uv": [1, 0, 3, 16], "texture": "#cross", "tintindex": 0},
				"west": {"uv": [1, 0, 3, 16], "texture": "#cross", "tintindex": 0},
				"up": {"uv": [0, 0, 2, 2], "rotation": 90, "texture": "#1", "cullface": "up"},
				"down": {"uv": [0, 2, 2, 0], "rotation": 90, "texture": "#1", "cullface": "down"}
			}
		},
		{
			"from": [3, -1, 11],
			"to": [5, 15, 13],
			"faces": {
				"north": {"uv": [13, 0, 15, 16], "texture": "#cross", "tintindex": 0},
				"east": {"uv": [13, 0, 15, 16], "texture": "#cross", "tintindex": 0},
				"south": {"uv": [13, 0, 15, 16], "texture": "#cross", "tintindex": 0},
				"west": {"uv": [13, 0, 15, 16], "texture": "#cross", "tintindex": 0},
				"up": {"uv": [0, 0, 2, 2], "rotation": 90, "texture": "#1", "cullface": "up"},
				"down": {"uv": [0, 2, 2, 0], "rotation": 90, "texture": "#1", "cullface": "down"}
			}
		},
		{
			"from": [11, -5, 10],
			"to": [13, 11, 12],
			"faces": {
				"north": {"uv": [1, 0, 3, 16], "texture": "#cross", "tintindex": 0},
				"east": {"uv": [1, 0, 3, 16], "texture": "#cross", "tintindex": 0},
				"south": {"uv": [1, 0, 3, 16], "texture": "#cross", "tintindex": 0},
				"west": {"uv": [1, 0, 3, 16], "texture": "#cross", "tintindex": 0},
				"up": {"uv": [0, 0, 2, 2], "rotation": 90, "texture": "#1", "cullface": "up"},
				"down": {"uv": [0, 2, 2, 0], "rotation": 90, "texture": "#1", "cullface": "down"}
			}
		},
		{
			"from": [10, -2, 3],
			"to": [12, 14, 5],
			"faces": {
				"north": {"uv": [9, 0, 11, 16], "texture": "#cross", "tintindex": 0},
				"east": {"uv": [9, 0, 11, 16], "texture": "#cross", "tintindex": 0},
				"south": {"uv": [9, 0, 11, 16], "texture": "#cross", "tintindex": 0},
				"west": {"uv": [9, 0, 11, 16], "texture": "#cross", "tintindex": 0},
				"up": {"uv": [0, 0, 2, 2], "rotation": 90, "texture": "#1", "cullface": "up"},
				"down": {"uv": [0, 2, 2, 0], "rotation": 90, "texture": "#1", "cullface": "down"}
			}
		},
		{
			"from": [0.5, -3, 3],
			"to": [1.5, 13, 3.001],
			"faces": {
				"north": {"uv": [0, 0, 1, 16], "texture": "#cross", "tintindex": 0},
				"south": {"uv": [0, 0, 1, 16], "texture": "#cross", "tintindex": 0}
			}
		},
		{
			"from": [11, -2, 2],
			"to": [11.001, 14, 3],
			"faces": {
				"east": {"uv": [15, 0, 16, 16], "texture": "#cross", "tintindex": 0},
				"west": {"uv": [15, 0, 16, 16], "texture": "#cross", "tintindex": 0}
			}
		},
		{
			"from": [2, -1, 12],
			"to": [3, 15, 12.001],
			"faces": {
				"north": {"uv": [7, 0, 8, 16], "texture": "#cross", "tintindex": 0},
				"south": {"uv": [7, 0, 8, 16], "texture": "#cross", "tintindex": 0}
			}
		},
		{
			"from": [8, 0, 8],
			"to": [9, 16, 8.001],
			"faces": {
				"north": {"uv": [7, 0, 8, 16], "texture": "#cross", "tintindex": 0},
				"south": {"uv": [7, 0, 8, 16], "texture": "#cross", "tintindex": 0}
			}
		},
		{
			"from": [13, -5, 11],
			"to": [14, 11, 11.001],
			"faces": {
				"north": {"uv": [11, 0, 12, 16], "texture": "#cross", "tintindex": 0},
				"south": {"uv": [11, 0, 12, 16], "texture": "#cross", "tintindex": 0}
			}
		},
		{
			"from": [11.999, -5, 9],
			"to": [12, 11, 10],
			"faces": {
				"east": {"uv": [8, 0, 9, 16], "texture": "#cross", "tintindex": 0},
				"west": {"uv": [8, 0, 9, 16], "texture": "#cross", "tintindex": 0}
			}
		},
		{
			"from": [12, -2, 3.999],
			"to": [13, 14, 4],
			"faces": {
				"north": {"uv": [12, 0, 13, 16], "texture": "#cross", "tintindex": 0},
				"south": {"uv": [12, 0, 13, 16], "texture": "#cross", "tintindex": 0}
			}
		}
	]
}