{
	"credit": "Made with Blockbench",
	"parent": "block/block",
	"textures": {
		"particle": "block/lantern",
		"lantern": "block/lantern"
	},
	"elements": [
		{
			"from": [4.98492, 7, 5],
			"to": [10.98492, 8, 11],
			"rotation": {"angle": 0, "axis": "y", "origin": [7.99246, 9.03125, 8.00754]},
			"faces": {
				"north": {"uv": [0, 2, 6, 3], "texture": "#lantern"},
				"east": {"uv": [0, 2, 6, 3], "texture": "#lantern"},
				"south": {"uv": [0, 2, 6, 3], "texture": "#lantern"},
				"west": {"uv": [0, 2, 6, 3], "texture": "#lantern"},
				"up": {"uv": [0, 9, 6, 15], "rotation": 270, "texture": "#lantern"},
				"down": {"uv": [0, 9, 6, 15], "rotation": 90, "texture": "#lantern"}
			}
		},
		{
			"from": [4.98492, 1, 5],
			"to": [10.98492, 2, 11],
			"rotation": {"angle": 0, "axis": "y", "origin": [7.99246, 9.03125, 8.00754]},
			"faces": {
				"north": {"uv": [0, 8, 6, 9], "texture": "#lantern"},
				"east": {"uv": [0, 8, 6, 9], "texture": "#lantern"},
				"south": {"uv": [0, 8, 6, 9], "texture": "#lantern"},
				"west": {"uv": [0, 8, 6, 9], "texture": "#lantern"},
				"up": {"uv": [0, 9, 6, 15], "rotation": 270, "texture": "#lantern"},
				"down": {"uv": [0, 9, 6, 15], "rotation": 90, "texture": "#lantern"}
			}
		},
		{
			"from": [4.98492, 2, 5],
			"to": [5.98492, 7, 6],
			"rotation": {"angle": 0, "axis": "y", "origin": [7.99246, 9.03125, 8.00754]},
			"faces": {
				"north": {"uv": [0, 3, 1, 8], "texture": "#lantern"},
				"east": {"uv": [0, 3, 1, 8], "texture": "#lantern"},
				"south": {"uv": [0, 3, 1, 8], "texture": "#lantern"},
				"west": {"uv": [0, 3, 1, 8], "texture": "#lantern"}
			}
		},
		{
			"from": [4.98492, 2, 10],
			"to": [5.98492, 7, 11],
			"rotation": {"angle": 0, "axis": "y", "origin": [7.99246, 9.03125, 8.00754]},
			"faces": {
				"north": {"uv": [0, 3, 1, 8], "texture": "#lantern"},
				"east": {"uv": [0, 3, 1, 8], "texture": "#lantern"},
				"south": {"uv": [0, 3, 1, 8], "texture": "#lantern"},
				"west": {"uv": [0, 3, 1, 8], "texture": "#lantern"}
			}
		},
		{
			"from": [9.98492, 2, 10],
			"to": [10.98492, 7, 11],
			"rotation": {"angle": 0, "axis": "y", "origin": [7.99246, 9.03125, 8.00754]},
			"faces": {
				"north": {"uv": [0, 3, 1, 8], "texture": "#lantern"},
				"east": {"uv": [0, 3, 1, 8], "texture": "#lantern"},
				"south": {"uv": [0, 3, 1, 8], "texture": "#lantern"},
				"west": {"uv": [0, 3, 1, 8], "texture": "#lantern"}
			}
		},
		{
			"from": [9.98492, 2, 5],
			"to": [10.98492, 7, 6],
			"rotation": {"angle": 0, "axis": "y", "origin": [7.99246, 9.03125, 8.00754]},
			"faces": {
				"north": {"uv": [0, 3, 1, 8], "texture": "#lantern"},
				"east": {"uv": [0, 3, 1, 8], "texture": "#lantern"},
				"south": {"uv": [0, 3, 1, 8], "texture": "#lantern"},
				"west": {"uv": [0, 3, 1, 8], "texture": "#lantern"}
			}
		},
		{
			"from": [5.98492, 2, 6],
			"to": [9.98492, 7, 10],
			"rotation": {"angle": 0, "axis": "y", "origin": [7.99246, 9.03125, 8.00754]},
			"faces": {
				"north": {"uv": [1, 3, 5, 8], "texture": "#lantern"},
				"east": {"uv": [1, 3, 5, 8], "texture": "#lantern"},
				"south": {"uv": [1, 3, 5, 8], "texture": "#lantern"},
				"west": {"uv": [1, 3, 5, 8], "texture": "#lantern"}
			}
		},
		{
			"from": [5.98492, 8, 6],
			"to": [9.98492, 10, 10],
			"rotation": {"angle": 0, "axis": "y", "origin": [7.99246, 9.03125, 8.00754]},
			"faces": {
				"north": {"uv": [1, 0, 5, 2], "texture": "#lantern"},
				"east": {"uv": [1, 0, 5, 2], "texture": "#lantern"},
				"south": {"uv": [1, 0, 5, 2], "texture": "#lantern"},
				"west": {"uv": [1, 0, 5, 2], "texture": "#lantern"},
				"up": {"uv": [1, 10, 5, 14], "rotation": 270, "texture": "#lantern"}
			}
		},
		{
			"from": [7.49246, 10, 8.5182],
			"to": [8.49246, 11, 9.5182],
			"rotation": {"angle": 45, "axis": "y", "origin": [7.99246, 9.03125, 8.00754]},
			"faces": {
				"north": {"uv": [13, 11, 14, 12], "texture": "#lantern"},
				"east": {"uv": [13, 11, 14, 12], "texture": "#lantern"},
				"south": {"uv": [13, 11, 14, 12], "texture": "#lantern"},
				"west": {"uv": [13, 11, 14, 12], "texture": "#lantern"}
			}
		},
		{
			"from": [7.49246, 15, 8.5182],
			"to": [8.49246, 16, 9.5182],
			"rotation": {"angle": 45, "axis": "y", "origin": [7.99246, 9.03125, 8.00754]},
			"faces": {
				"north": {"uv": [13, 11, 14, 12], "texture": "#lantern"},
				"east": {"uv": [13, 11, 14, 12], "texture": "#lantern"},
				"south": {"uv": [13, 11, 14, 12], "texture": "#lantern"},
				"west": {"uv": [13, 11, 14, 12], "texture": "#lantern"},
				"up": {"uv": [13, 6, 14, 7], "texture": "#lantern"}
			}
		},
		{
			"from": [7.49246, 11, 6.5182],
			"to": [8.49246, 12, 9.5182],
			"rotation": {"angle": 45, "axis": "y", "origin": [7.99246, 9.03125, 8.00754]},
			"faces": {
				"north": {"uv": [11, 10, 12, 11], "texture": "#lantern"},
				"east": {"uv": [14, 10, 11, 11], "texture": "#lantern"},
				"south": {"uv": [13, 10, 14, 11], "texture": "#lantern"},
				"west": {"uv": [11, 10, 14, 11], "texture": "#lantern"},
				"up": {"uv": [11, 10, 14, 11], "rotation": 90, "texture": "#lantern"},
				"down": {"uv": [11, 10, 14, 11], "rotation": 270, "texture": "#lantern"}
			}
		},
		{
			"from": [7.49246, 14, 6.5182],
			"to": [8.49246, 15, 9.5182],
			"rotation": {"angle": 45, "axis": "y", "origin": [7.99246, 9.03125, 8.00754]},
			"faces": {
				"north": {"uv": [11, 7, 12, 8], "texture": "#lantern"},
				"east": {"uv": [14, 7, 11, 8], "texture": "#lantern"},
				"south": {"uv": [13, 7, 14, 8], "texture": "#lantern"},
				"west": {"uv": [11, 7, 14, 8], "texture": "#lantern"},
				"up": {"uv": [11, 7, 14, 8], "rotation": 90, "texture": "#lantern"},
				"down": {"uv": [11, 7, 14, 8], "rotation": 270, "texture": "#lantern"}
			}
		},
		{
			"from": [7.49246, 10, 6.5182],
			"to": [8.49246, 11, 7.5182],
			"rotation": {"angle": 45, "axis": "y", "origin": [7.99246, 9.03125, 8.00754]},
			"faces": {
				"north": {"uv": [11, 11, 12, 12], "texture": "#lantern"},
				"east": {"uv": [11, 11, 12, 12], "texture": "#lantern"},
				"south": {"uv": [11, 11, 12, 12], "texture": "#lantern"},
				"west": {"uv": [11, 11, 12, 12], "texture": "#lantern"}
			}
		},
		{
			"from": [7.49246, 15, 6.5182],
			"to": [8.49246, 16, 7.5182],
			"rotation": {"angle": 45, "axis": "y", "origin": [7.99246, 9.03125, 8.00754]},
			"faces": {
				"north": {"uv": [11, 11, 12, 12], "texture": "#lantern"},
				"east": {"uv": [11, 11, 12, 12], "texture": "#lantern"},
				"south": {"uv": [11, 11, 12, 12], "texture": "#lantern"},
				"west": {"uv": [11, 11, 12, 12], "texture": "#lantern"},
				"up": {"uv": [11, 6, 12, 7], "texture": "#lantern"}
			}
		},
		{
			"from": [8.49246, 11, 7.5182],
			"to": [9.49246, 15, 8.5182],
			"rotation": {"angle": 45, "axis": "y", "origin": [7.99246, 9.03125, 8.00754]},
			"faces": {
				"north": {"uv": [13, 1, 14, 5], "texture": "#lantern"},
				"east": {"uv": [13, 1, 14, 5], "texture": "#lantern"},
				"south": {"uv": [13, 1, 14, 5], "texture": "#lantern"},
				"west": {"uv": [13, 1, 14, 5], "texture": "#lantern"},
				"up": {"uv": [13, 1, 14, 2], "texture": "#lantern"},
				"down": {"uv": [13, 4, 14, 5], "texture": "#lantern"}
			}
		},
		{
			"from": [6.49246, 11, 7.5182],
			"to": [7.49246, 15, 8.5182],
			"rotation": {"angle": 45, "axis": "y", "origin": [7.99246, 9.03125, 8.00754]},
			"faces": {
				"north": {"uv": [11, 1, 12, 5], "texture": "#lantern"},
				"east": {"uv": [11, 1, 12, 5], "texture": "#lantern"},
				"south": {"uv": [11, 1, 12, 5], "texture": "#lantern"},
				"west": {"uv": [11, 1, 12, 5], "texture": "#lantern"},
				"up": {"uv": [11, 1, 12, 2], "texture": "#lantern"},
				"down": {"uv": [11, 4, 12, 5], "texture": "#lantern"}
			}
		}
	]
}