{
    "credit": "Made with Blockbench by _GrandMagus_",
	"parent": "block/cube_directional",
	"textures": {
		"particle": "block/command_block_back",
		"back": "block/command_block_back",
		"side": "block/command_block_conditional",
		"front": "block/command_block_front"
	},
	"elements": [
		{
			"from": [0, 0, 0],
			"to": [16, 16, 16],
			"faces": {
				"north": {"uv": [0, 0, 16, 16], "rotation": 180, "texture": "#front", "cullface": "north"},
				"east": {"uv": [0, 0, 16, 16], "rotation": 90, "texture": "#side", "cullface": "east"},
				"south": {"uv": [0, 0, 16, 16], "texture": "#back", "cullface": "south"},
				"west": {"uv": [0, 0, 16, 16], "rotation": 270, "texture": "#side", "cullface": "west"},
				"up": {"uv": [0, 0, 16, 16], "texture": "#side", "cullface": "up"},
				"down": {"uv": [0, 0, 16, 16], "rotation": 180, "texture": "#side", "cullface": "down"}
			}
		},
		{
			"from": [4, 3, 15.5],
			"to": [13, 12, 16.5],
			"rotation": {"angle": 0, "axis": "y", "origin": [8, 8, 7.5]},
			"faces": {
				"east": {"uv": [12, 4, 13, 13], "texture": "#back", "cullface": "down"},
				"south": {"uv": [4, 4, 13, 13], "texture": "#back", "cullface": "down"},
				"west": {"uv": [4, 4, 5, 13], "texture": "#back", "cullface": "down"},
				"up": {"uv": [4, 4, 13, 5], "texture": "#back", "cullface": "down"},
				"down": {"uv": [13, 12, 4, 13], "rotation": 180, "texture": "#back", "cullface": "down"}
			}
		},
		{
			"from": [7, 4, -0.5],
			"to": [10, 13, 0.5],
			"rotation": {"angle": 0, "axis": "y", "origin": [8, 8, 8.5]},
			"faces": {
				"north": {"uv": [7, 4, 10, 13], "rotation": 180, "texture": "#front", "cullface": "north"},
				"east": {"uv": [9, 4, 10, 13], "rotation": 180, "texture": "#front", "cullface": "north"},
				"west": {"uv": [7, 4, 8, 13], "rotation": 180, "texture": "#front", "cullface": "north"},
				"up": {"uv": [7, 12, 10, 13], "texture": "#front", "cullface": "north"},
				"down": {"uv": [10, 4, 7, 5], "rotation": 180, "texture": "#front", "cullface": "north"}
			}
		},
		{
			"from": [4, 7, -0.5],
			"to": [13, 10, 0.5],
			"rotation": {"angle": 0, "axis": "y", "origin": [8, 8, 8.5]},
			"faces": {
				"north": {"uv": [4, 7, 13, 10], "rotation": 180, "texture": "#front", "cullface": "north"},
				"east": {"uv": [12, 7, 13, 10], "rotation": 180, "texture": "#front", "cullface": "north"},
				"west": {"uv": [4, 7, 5, 10], "rotation": 180, "texture": "#front", "cullface": "north"},
				"up": {"uv": [4, 9, 13, 10], "texture": "#front", "cullface": "north"},
				"down": {"uv": [13, 7, 4, 8], "rotation": 180, "texture": "#front", "cullface": "north"}
			}
		},
		{
			"from": [5, 6, -0.5],
			"to": [12, 11, 0.5],
			"rotation": {"angle": 0, "axis": "y", "origin": [8, 8, 8.5]},
			"faces": {
				"north": {"uv": [5, 6, 12, 11], "rotation": 180, "texture": "#front", "cullface": "north"},
				"east": {"uv": [11, 6, 12, 11], "rotation": 180, "texture": "#front", "cullface": "north"},
				"west": {"uv": [5, 6, 6, 11], "rotation": 180, "texture": "#front", "cullface": "north"},
				"up": {"uv": [5, 10, 12, 11], "texture": "#front", "cullface": "north"},
				"down": {"uv": [12, 6, 5, 7], "rotation": 180, "texture": "#front", "cullface": "north"}
			}
		},
		{
			"from": [6, 5, -0.5],
			"to": [11, 12, 0.5],
			"rotation": {"angle": 0, "axis": "y", "origin": [8, 8, 8.5]},
			"faces": {
				"north": {"uv": [6, 5, 11, 12], "rotation": 180, "texture": "#front", "cullface": "north"},
				"east": {"uv": [10, 5, 11, 12], "rotation": 180, "texture": "#front", "cullface": "north"},
				"west": {"uv": [6, 5, 7, 12], "rotation": 180, "texture": "#front", "cullface": "north"},
				"up": {"uv": [6, 11, 11, 12], "texture": "#front", "cullface": "north"},
				"down": {"uv": [11, 5, 6, 6], "rotation": 180, "texture": "#front", "cullface": "north"}
			}
		},
		{
			"from": [10, -0.5, 7],
			"to": [12, 0.5, 13],
			"rotation": {"angle": 0, "axis": "y", "origin": [8, 8.5, 8]},
			"faces": {
				"north": {"uv": [4, 7, 6, 8], "rotation": 180, "texture": "#side", "cullface": "north"},
				"east": {"uv": [4, 7, 5, 13], "rotation": 90, "texture": "#side", "cullface": "north"},
				"south": {"uv": [6, 12, 4, 13], "texture": "#side", "cullface": "north"},
				"west": {"uv": [5, 7, 6, 13], "rotation": 270, "texture": "#side", "cullface": "north"},
				"down": {"uv": [4, 7, 6, 13], "rotation": 180, "texture": "#side", "cullface": "north"}
			}
		},
		{
			"from": [-0.5, 4, 7],
			"to": [0.5, 6, 13],
			"rotation": {"angle": 0, "axis": "y", "origin": [8.5, 8, 8]},
			"faces": {
				"north": {"uv": [4, 7, 6, 8], "rotation": 90, "texture": "#side", "cullface": "west"},
				"south": {"uv": [6, 12, 4, 13], "rotation": 90, "texture": "#side", "cullface": "west"},
				"west": {"uv": [4, 7, 6, 13], "rotation": 270, "texture": "#side", "cullface": "west"},
				"up": {"uv": [5, 7, 6, 13], "texture": "#side", "cullface": "west"},
				"down": {"uv": [4, 7, 5, 13], "rotation": 180, "texture": "#side", "cullface": "west"}
			}
		},
		{
			"from": [4, 15.5, 7],
			"to": [6, 16.5, 13],
			"rotation": {"angle": 0, "axis": "y", "origin": [8, 7.5, 8]},
			"faces": {
				"north": {"uv": [4, 7, 6, 8], "texture": "#side", "cullface": "south"},
				"east": {"uv": [5, 7, 6, 13], "rotation": 90, "texture": "#side", "cullface": "south"},
				"south": {"uv": [6, 12, 4, 13], "rotation": 180, "texture": "#side", "cullface": "south"},
				"west": {"uv": [4, 7, 5, 13], "rotation": 270, "texture": "#side", "cullface": "south"},
				"up": {"uv": [4, 7, 6, 13], "texture": "#side", "cullface": "south"}
			}
		},
		{
			"from": [15.5, 10, 7],
			"to": [16.5, 12, 13],
			"rotation": {"angle": 0, "axis": "y", "origin": [7.5, 8, 8]},
			"faces": {
				"north": {"uv": [4, 7, 6, 8], "rotation": 270, "texture": "#side", "cullface": "east"},
				"east": {"uv": [4, 7, 6, 13], "rotation": 90, "texture": "#side", "cullface": "east"},
				"south": {"uv": [6, 12, 4, 13], "rotation": 270, "texture": "#side", "cullface": "east"},
				"up": {"uv": [4, 7, 5, 13], "texture": "#side", "cullface": "east"},
				"down": {"uv": [5, 7, 6, 13], "rotation": 180, "texture": "#side", "cullface": "east"}
			}
		},
		{
			"from": [9, -0.5, 6],
			"to": [11, 0.5, 12],
			"rotation": {"angle": 0, "axis": "y", "origin": [8, 8.5, 8]},
			"faces": {
				"north": {"uv": [5, 6, 7, 7], "rotation": 180, "texture": "#side", "cullface": "north"},
				"east": {"uv": [5, 6, 6, 12], "rotation": 90, "texture": "#side", "cullface": "north"},
				"south": {"uv": [7, 11, 5, 12], "texture": "#side", "cullface": "north"},
				"west": {"uv": [6, 6, 7, 12], "rotation": 270, "texture": "#side", "cullface": "north"},
				"down": {"uv": [5, 6, 7, 12], "rotation": 180, "texture": "#side", "cullface": "north"}
			}
		},
		{
			"from": [-0.5, 5, 6],
			"to": [0.5, 7, 12],
			"rotation": {"angle": 0, "axis": "y", "origin": [8.5, 8, 8]},
			"faces": {
				"north": {"uv": [5, 6, 7, 7], "rotation": 90, "texture": "#side", "cullface": "west"},
				"south": {"uv": [7, 11, 5, 12], "rotation": 90, "texture": "#side", "cullface": "west"},
				"west": {"uv": [5, 6, 7, 12], "rotation": 270, "texture": "#side", "cullface": "west"},
				"up": {"uv": [6, 6, 7, 12], "texture": "#side", "cullface": "west"},
				"down": {"uv": [5, 6, 6, 12], "rotation": 180, "texture": "#side", "cullface": "west"}
			}
		},
		{
			"from": [5, 15.5, 6],
			"to": [7, 16.5, 12],
			"rotation": {"angle": 0, "axis": "y", "origin": [8, 7.5, 8]},
			"faces": {
				"north": {"uv": [5, 6, 7, 7], "texture": "#side", "cullface": "south"},
				"east": {"uv": [6, 6, 7, 12], "rotation": 90, "texture": "#side", "cullface": "south"},
				"south": {"uv": [7, 11, 5, 12], "rotation": 180, "texture": "#side", "cullface": "south"},
				"west": {"uv": [5, 6, 6, 12], "rotation": 270, "texture": "#side", "cullface": "south"},
				"up": {"uv": [5, 6, 7, 12], "texture": "#side", "cullface": "south"}
			}
		},
		{
			"from": [15.5, 9, 6],
			"to": [16.5, 11, 12],
			"rotation": {"angle": 0, "axis": "y", "origin": [7.5, 8, 8]},
			"faces": {
				"north": {"uv": [5, 6, 7, 7], "rotation": 270, "texture": "#side", "cullface": "east"},
				"east": {"uv": [5, 6, 7, 12], "rotation": 90, "texture": "#side", "cullface": "east"},
				"south": {"uv": [7, 11, 5, 12], "rotation": 270, "texture": "#side", "cullface": "east"},
				"up": {"uv": [5, 6, 6, 12], "texture": "#side", "cullface": "east"},
				"down": {"uv": [6, 6, 7, 12], "rotation": 180, "texture": "#side", "cullface": "east"}
			}
		},
		{
			"from": [4, -0.5, 6],
			"to": [6, 0.5, 12],
			"rotation": {"angle": 0, "axis": "y", "origin": [8, 8.5, 8]},
			"faces": {
				"north": {"uv": [10, 6, 12, 7], "rotation": 180, "texture": "#side", "cullface": "north"},
				"east": {"uv": [10, 6, 11, 12], "rotation": 90, "texture": "#side", "cullface": "north"},
				"south": {"uv": [12, 11, 10, 12], "texture": "#side", "cullface": "north"},
				"west": {"uv": [11, 6, 12, 12], "rotation": 270, "texture": "#side", "cullface": "north"},
				"down": {"uv": [10, 6, 12, 12], "rotation": 180, "texture": "#side", "cullface": "north"}
			}
		},
		{
			"from": [-0.5, 10, 6],
			"to": [0.5, 12, 12],
			"rotation": {"angle": 0, "axis": "y", "origin": [8.5, 8, 8]},
			"faces": {
				"north": {"uv": [10, 6, 12, 7], "rotation": 90, "texture": "#side", "cullface": "west"},
				"south": {"uv": [12, 11, 10, 12], "rotation": 90, "texture": "#side", "cullface": "west"},
				"west": {"uv": [10, 6, 12, 12], "rotation": 270, "texture": "#side", "cullface": "west"},
				"up": {"uv": [11, 6, 12, 12], "texture": "#side", "cullface": "west"},
				"down": {"uv": [10, 6, 11, 12], "rotation": 180, "texture": "#side", "cullface": "west"}
			}
		},
		{
			"from": [10, 15.5, 6],
			"to": [12, 16.5, 12],
			"rotation": {"angle": 0, "axis": "y", "origin": [8, 7.5, 8]},
			"faces": {
				"north": {"uv": [10, 6, 12, 7], "texture": "#side", "cullface": "south"},
				"east": {"uv": [11, 6, 12, 12], "rotation": 90, "texture": "#side", "cullface": "south"},
				"south": {"uv": [12, 11, 10, 12], "rotation": 180, "texture": "#side", "cullface": "south"},
				"west": {"uv": [10, 6, 11, 12], "rotation": 270, "texture": "#side", "cullface": "south"},
				"up": {"uv": [10, 6, 12, 12], "texture": "#side", "cullface": "south"}
			}
		},
		{
			"from": [15.5, 4, 6],
			"to": [16.5, 6, 12],
			"rotation": {"angle": 0, "axis": "y", "origin": [7.5, 8, 8]},
			"faces": {
				"north": {"uv": [10, 6, 12, 7], "rotation": 270, "texture": "#side", "cullface": "east"},
				"east": {"uv": [10, 6, 12, 12], "rotation": 90, "texture": "#side", "cullface": "east"},
				"south": {"uv": [12, 11, 10, 12], "rotation": 270, "texture": "#side", "cullface": "east"},
				"up": {"uv": [10, 6, 11, 12], "texture": "#side", "cullface": "east"},
				"down": {"uv": [11, 6, 12, 12], "rotation": 180, "texture": "#side", "cullface": "east"}
			}
		},
		{
			"from": [3, -0.5, 7],
			"to": [5, 0.5, 13],
			"rotation": {"angle": 0, "axis": "y", "origin": [8, 8.5, 8]},
			"faces": {
				"north": {"uv": [11, 7, 13, 8], "rotation": 180, "texture": "#side", "cullface": "north"},
				"east": {"uv": [11, 7, 12, 13], "rotation": 90, "texture": "#side", "cullface": "north"},
				"south": {"uv": [13, 12, 11, 13], "texture": "#side", "cullface": "north"},
				"west": {"uv": [12, 7, 13, 13], "rotation": 270, "texture": "#side", "cullface": "north"},
				"down": {"uv": [11, 7, 13, 13], "rotation": 180, "texture": "#side", "cullface": "north"}
			}
		},
		{
			"from": [-0.5, 11, 7],
			"to": [0.5, 13, 13],
			"rotation": {"angle": 0, "axis": "y", "origin": [8.5, 8, 8]},
			"faces": {
				"north": {"uv": [11, 7, 13, 8], "rotation": 90, "texture": "#side", "cullface": "west"},
				"south": {"uv": [13, 12, 11, 13], "rotation": 90, "texture": "#side", "cullface": "west"},
				"west": {"uv": [11, 7, 13, 13], "rotation": 270, "texture": "#side", "cullface": "west"},
				"up": {"uv": [12, 7, 13, 13], "texture": "#side", "cullface": "west"},
				"down": {"uv": [11, 7, 12, 13], "rotation": 180, "texture": "#side", "cullface": "west"}
			}
		},
		{
			"from": [11, 15.5, 7],
			"to": [13, 16.5, 13],
			"rotation": {"angle": 0, "axis": "y", "origin": [8, 7.5, 8]},
			"faces": {
				"north": {"uv": [11, 7, 13, 8], "texture": "#side", "cullface": "south"},
				"east": {"uv": [12, 7, 13, 13], "rotation": 90, "texture": "#side", "cullface": "south"},
				"south": {"uv": [13, 12, 11, 13], "rotation": 180, "texture": "#side", "cullface": "south"},
				"west": {"uv": [11, 7, 12, 13], "rotation": 270, "texture": "#side", "cullface": "south"},
				"up": {"uv": [11, 7, 13, 13], "texture": "#side", "cullface": "south"}
			}
		},
		{
			"from": [15.5, 3, 7],
			"to": [16.5, 5, 13],
			"rotation": {"angle": 0, "axis": "y", "origin": [7.5, 8, 8]},
			"faces": {
				"north": {"uv": [11, 7, 13, 8], "rotation": 270, "texture": "#side", "cullface": "east"},
				"east": {"uv": [11, 7, 13, 13], "rotation": 90, "texture": "#side", "cullface": "east"},
				"south": {"uv": [13, 12, 11, 13], "rotation": 270, "texture": "#side", "cullface": "east"},
				"up": {"uv": [11, 7, 12, 13], "texture": "#side", "cullface": "east"},
				"down": {"uv": [12, 7, 13, 13], "rotation": 180, "texture": "#side", "cullface": "east"}
			}
		},
		{
			"from": [5, -0.5, 5],
			"to": [10, 0.5, 11],
			"rotation": {"angle": 0, "axis": "y", "origin": [8, 8.5, 8]},
			"faces": {
				"north": {"uv": [6, 5, 11, 6], "rotation": 180, "texture": "#side", "cullface": "north"},
				"east": {"uv": [6, 5, 7, 11], "rotation": 90, "texture": "#side", "cullface": "north"},
				"south": {"uv": [11, 10, 6, 11], "texture": "#side", "cullface": "north"},
				"west": {"uv": [10, 5, 11, 11], "rotation": 270, "texture": "#side", "cullface": "north"},
				"down": {"uv": [6, 5, 11, 11], "rotation": 180, "texture": "#side", "cullface": "north"}
			}
		},
		{
			"from": [-0.5, 6, 5],
			"to": [0.5, 11, 11],
			"rotation": {"angle": 0, "axis": "y", "origin": [8.5, 8, 8]},
			"faces": {
				"north": {"uv": [6, 5, 11, 6], "rotation": 90, "texture": "#side", "cullface": "west"},
				"south": {"uv": [11, 10, 6, 11], "rotation": 90, "texture": "#side", "cullface": "west"},
				"west": {"uv": [6, 5, 11, 11], "rotation": 270, "texture": "#side", "cullface": "west"},
				"up": {"uv": [10, 5, 11, 11], "texture": "#side", "cullface": "west"},
				"down": {"uv": [6, 5, 7, 11], "rotation": 180, "texture": "#side", "cullface": "west"}
			}
		},
		{
			"from": [6, 15.5, 5],
			"to": [11, 16.5, 11],
			"rotation": {"angle": 0, "axis": "y", "origin": [8, 7.5, 8]},
			"faces": {
				"north": {"uv": [6, 5, 11, 6], "texture": "#side", "cullface": "south"},
				"east": {"uv": [10, 5, 11, 11], "rotation": 90, "texture": "#side", "cullface": "south"},
				"south": {"uv": [11, 10, 6, 11], "rotation": 180, "texture": "#side", "cullface": "south"},
				"west": {"uv": [6, 5, 7, 11], "rotation": 270, "texture": "#side", "cullface": "south"},
				"up": {"uv": [6, 5, 11, 11], "texture": "#side", "cullface": "south"}
			}
		},
		{
			"from": [15.5, 5, 5],
			"to": [16.5, 10, 11],
			"rotation": {"angle": 0, "axis": "y", "origin": [7.5, 8, 8]},
			"faces": {
				"north": {"uv": [6, 5, 11, 6], "rotation": 270, "texture": "#side", "cullface": "east"},
				"east": {"uv": [6, 5, 11, 11], "rotation": 90, "texture": "#side", "cullface": "east"},
				"south": {"uv": [11, 10, 6, 11], "rotation": 270, "texture": "#side", "cullface": "east"},
				"up": {"uv": [6, 5, 7, 11], "texture": "#side", "cullface": "east"},
				"down": {"uv": [10, 5, 11, 11], "rotation": 180, "texture": "#side", "cullface": "east"}
			}
		},
		{
			"from": [6, -0.5, 4],
			"to": [9, 0.5, 5],
			"rotation": {"angle": 0, "axis": "y", "origin": [8, 8.5, 8]},
			"faces": {
				"north": {"uv": [7, 4, 10, 5], "rotation": 180, "texture": "#side", "cullface": "north"},
				"east": {"uv": [7, 4, 8, 5], "rotation": 90, "texture": "#side", "cullface": "north"},
				"west": {"uv": [9, 4, 10, 5], "rotation": 270, "texture": "#side", "cullface": "north"},
				"down": {"uv": [7, 4, 10, 5], "rotation": 180, "texture": "#side", "cullface": "north"}
			}
		},
		{
			"from": [-0.5, 7, 4],
			"to": [0.5, 10, 5],
			"rotation": {"angle": 0, "axis": "y", "origin": [8.5, 8, 8]},
			"faces": {
				"north": {"uv": [7, 4, 10, 5], "rotation": 90, "texture": "#side", "cullface": "west"},
				"west": {"uv": [7, 4, 10, 5], "rotation": 270, "texture": "#side", "cullface": "west"},
				"up": {"uv": [9, 4, 10, 5], "texture": "#side", "cullface": "west"},
				"down": {"uv": [7, 4, 8, 5], "rotation": 180, "texture": "#side", "cullface": "west"}
			}
		},
		{
			"from": [7, 15.5, 4],
			"to": [10, 16.5, 5],
			"rotation": {"angle": 0, "axis": "y", "origin": [8, 7.5, 8]},
			"faces": {
				"north": {"uv": [7, 4, 10, 5], "texture": "#side", "cullface": "south"},
				"east": {"uv": [9, 4, 10, 5], "rotation": 90, "texture": "#side", "cullface": "south"},
				"west": {"uv": [7, 4, 8, 5], "rotation": 270, "texture": "#side", "cullface": "south"},
				"up": {"uv": [7, 4, 10, 5], "texture": "#side", "cullface": "south"}
			}
		},
		{
			"from": [15.5, 6, 4],
			"to": [16.5, 9, 5],
			"rotation": {"angle": 0, "axis": "y", "origin": [7.5, 8, 8]},
			"faces": {
				"north": {"uv": [7, 4, 10, 5], "rotation": 270, "texture": "#side", "cullface": "east"},
				"east": {"uv": [7, 4, 10, 5], "rotation": 90, "texture": "#side", "cullface": "east"},
				"up": {"uv": [7, 4, 8, 5], "texture": "#side", "cullface": "east"},
				"down": {"uv": [9, 4, 10, 5], "rotation": 180, "texture": "#side", "cullface": "east"}
			}
		},
		{
			"from": [7, -0.5, 3],
			"to": [8, 0.5, 4],
			"rotation": {"angle": 0, "axis": "y", "origin": [8, 8.5, 8]},
			"faces": {
				"north": {"uv": [8, 3, 9, 4], "rotation": 180, "texture": "#side", "cullface": "north"},
				"east": {"uv": [8, 3, 9, 4], "rotation": 90, "texture": "#side", "cullface": "north"},
				"west": {"uv": [8, 3, 9, 4], "rotation": 270, "texture": "#side", "cullface": "north"},
				"down": {"uv": [8, 3, 9, 4], "rotation": 180, "texture": "#side", "cullface": "north"}
			}
		},
		{
			"from": [-0.5, 8, 3],
			"to": [0.5, 9, 4],
			"rotation": {"angle": 0, "axis": "y", "origin": [8.5, 8, 8]},
			"faces": {
				"north": {"uv": [8, 3, 9, 4], "rotation": 90, "texture": "#side", "cullface": "west"},
				"west": {"uv": [8, 3, 9, 4], "rotation": 270, "texture": "#side", "cullface": "west"},
				"up": {"uv": [8, 3, 9, 4], "texture": "#side", "cullface": "west"},
				"down": {"uv": [8, 3, 9, 4], "rotation": 180, "texture": "#side", "cullface": "west"}
			}
		},
		{
			"from": [8, 15.5, 3],
			"to": [9, 16.5, 4],
			"rotation": {"angle": 0, "axis": "y", "origin": [8, 7.5, 8]},
			"faces": {
				"north": {"uv": [8, 3, 9, 4], "texture": "#side", "cullface": "south"},
				"east": {"uv": [8, 3, 9, 4], "rotation": 90, "texture": "#side", "cullface": "south"},
				"west": {"uv": [8, 3, 9, 4], "rotation": 270, "texture": "#side", "cullface": "south"},
				"up": {"uv": [8, 3, 9, 4], "texture": "#side", "cullface": "south"}
			}
		},
		{
			"from": [15.5, 7, 3],
			"to": [16.5, 8, 4],
			"rotation": {"angle": 0, "axis": "y", "origin": [7.5, 8, 8]},
			"faces": {
				"north": {"uv": [8, 3, 9, 4], "rotation": 270, "texture": "#side", "cullface": "east"},
				"east": {"uv": [8, 3, 9, 4], "rotation": 90, "texture": "#side", "cullface": "east"},
				"up": {"uv": [8, 3, 9, 4], "texture": "#side", "cullface": "east"},
				"down": {"uv": [8, 3, 9, 4], "rotation": 180, "texture": "#side", "cullface": "east"}
			}
		}
	]
}