{
    "credit": "Made with Blockbench by _GrandMagus_",
    "parent": "block/thin_block",
    "textures": {
        "particle": "block/daylight_detector_top",
        "top": "block/daylight_detector_top",
        "side": "block/daylight_detector_side"
    },
    "elements": [
        {
            "from": [0, 0, 0],
            "to": [16, 5, 16],
            "faces": {
                "north": {"uv": [0, 11, 16, 16], "texture": "#side", "cullface": "north"},
                "east": {"uv": [0, 11, 16, 16], "texture": "#side", "cullface": "east"},
                "south": {"uv": [0, 11, 16, 16], "texture": "#side", "cullface": "south"},
                "west": {"uv": [0, 11, 16, 16], "texture": "#side", "cullface": "west"},
                "up": {"uv": [0, 0, 16, 16], "texture": "#top"},
                "down": {"uv": [0, 0, 16, 16], "texture": "#side", "cullface": "down"}
            }
        },
        {
            "from": [1, 5, 5],
            "to": [15, 6, 6],
            "faces": {
                "north": {"uv": [1, 10, 15, 11], "texture": "#side"},
                "south": {"uv": [1, 10, 15, 11], "texture": "#side"},
                "up": {"uv": [1, 5, 15, 6], "texture": "#top"}
            }
        },
        {
            "from": [10, 5, 1],
            "to": [11, 6, 15],
            "faces": {
                "east": {"uv": [1, 10, 15, 11], "texture": "#side"},
                "west": {"uv": [1, 10, 15, 11], "texture": "#side"},
                "up": {"uv": [10, 1, 11, 15], "texture": "#top"}
            }
        },
        {
            "from": [15, 5, 0],
            "to": [16, 6, 16],
            "faces": {
                "north": {"uv": [0, 10, 1, 11], "texture": "#side"},
                "east": {"uv": [0, 10, 16, 11], "texture": "#side"},
                "south": {"uv": [15, 10, 16, 11], "texture": "#side"},
                "west": {"uv": [0, 10, 16, 11], "texture": "#side"},
                "up": {"uv": [15, 0, 16, 16], "texture": "#top"}
            }
        },
        {
            "from": [1, 5, 0],
            "to": [15, 6, 1],
            "faces": {
                "north": {"uv": [1, 10, 15, 11], "texture": "#side"},
                "south": {"uv": [1, 10, 15, 11], "texture": "#side"},
                "up": {"uv": [1, 0, 15, 1], "texture": "#top"}
            }
        },
        {
            "from": [1, 5, 15],
            "to": [15, 6, 16],
            "faces": {
                "north": {"uv": [1, 10, 15, 11], "texture": "#side"},
                "south": {"uv": [1, 10, 15, 11], "texture": "#side"},
                "up": {"uv": [1, 15, 15, 16], "texture": "#top"}
            }
        },
        {
            "from": [1, 5, 10],
            "to": [15, 6, 11],
            "faces": {
                "north": {"uv": [1, 10, 15, 11], "texture": "#side"},
                "south": {"uv": [1, 10, 15, 11], "texture": "#side"},
                "up": {"uv": [1, 10, 15, 11], "texture": "#top"}
            }
        },
        {
            "from": [0, 5, 0],
            "to": [1, 6, 16],
            "faces": {
                "north": {"uv": [15, 10, 16, 11], "texture": "#side"},
                "east": {"uv": [0, 10, 16, 11], "texture": "#side"},
                "south": {"uv": [0, 10, 1, 11], "texture": "#side"},
                "west": {"uv": [0, 10, 16, 11], "texture": "#side"},
                "up": {"uv": [0, 0, 1, 16], "texture": "#top"}
            }
        },
        {
            "from": [5, 5, 1],
            "to": [6, 6, 15],
            "faces": {
                "east": {"uv": [1, 10, 15, 11], "texture": "#side"},
                "west": {"uv": [1, 10, 15, 11], "texture": "#side"},
                "up": {"uv": [5, 1, 6, 15], "texture": "#top"}
            }
        },
        {
            "from": [12, 5, 12],
            "to": [14, 6, 14],
            "faces": {
                "north": {"uv": [12, 12, 14, 13], "texture": "#top"},
                "east": {"uv": [13, 12, 14, 14], "rotation": 90, "texture": "#top"},
                "south": {"uv": [12, 13, 14, 14], "texture": "#top"},
                "west": {"uv": [12, 12, 13, 14], "rotation": 270, "texture": "#top"},
                "up": {"uv": [12, 12, 14, 14], "texture": "#top"}
            }
        },
        {
            "from": [2, 5, 2],
            "to": [4, 6, 4],
            "faces": {
                "north": {"uv": [2, 2, 4, 3], "texture": "#top"},
                "east": {"uv": [3, 2, 4, 4], "rotation": 90, "texture": "#top"},
                "south": {"uv": [2, 3, 4, 4], "texture": "#top"},
                "west": {"uv": [2, 2, 3, 4], "rotation": 270, "texture": "#top"},
                "up": {"uv": [2, 2, 4, 4], "texture": "#top"}
            }
        },
        {
            "from": [7, 5, 2],
            "to": [9, 6, 4],
            "faces": {
                "north": {"uv": [7, 2, 9, 3], "texture": "#top"},
                "east": {"uv": [8, 2, 9, 4], "rotation": 90, "texture": "#top"},
                "south": {"uv": [7, 3, 9, 4], "texture": "#top"},
                "west": {"uv": [7, 2, 8, 4], "rotation": 270, "texture": "#top"},
                "up": {"uv": [7, 2, 9, 4], "texture": "#top"}
            }
        },
        {
            "from": [12, 5, 2],
            "to": [14, 6, 4],
            "faces": {
                "north": {"uv": [12, 2, 14, 3], "texture": "#top"},
                "east": {"uv": [13, 2, 14, 4], "rotation": 90, "texture": "#top"},
                "south": {"uv": [12, 3, 14, 4], "texture": "#top"},
                "west": {"uv": [12, 2, 13, 4], "rotation": 270, "texture": "#top"},
                "up": {"uv": [12, 3, 14, 5], "texture": "#top"}
            }
        },
        {
            "from": [12, 5, 7],
            "to": [14, 6, 9],
            "faces": {
                "north": {"uv": [12, 7, 14, 8], "texture": "#top"},
                "east": {"uv": [13, 7, 14, 9], "rotation": 90, "texture": "#top"},
                "south": {"uv": [12, 8, 14, 9], "texture": "#top"},
                "west": {"uv": [12, 7, 13, 9], "rotation": 270, "texture": "#top"},
                "up": {"uv": [12, 7, 14, 9], "texture": "#top"}
            }
        },
        {
            "from": [7, 5, 7],
            "to": [9, 6, 9],
            "faces": {
                "north": {"uv": [7, 7, 9, 8], "texture": "#top"},
                "east": {"uv": [8, 7, 9, 9], "rotation": 90, "texture": "#top"},
                "south": {"uv": [7, 8, 9, 9], "texture": "#top"},
                "west": {"uv": [7, 7, 8, 9], "rotation": 270, "texture": "#top"},
                "up": {"uv": [7, 7, 9, 9], "texture": "#top"}
            }
        },
        {
            "from": [2, 5, 7],
            "to": [4, 6, 9],
            "faces": {
                "north": {"uv": [2, 7, 4, 8], "texture": "#top"},
                "east": {"uv": [3, 7, 4, 9], "rotation": 90, "texture": "#top"},
                "south": {"uv": [2, 8, 4, 9], "texture": "#top"},
                "west": {"uv": [2, 7, 3, 9], "rotation": 270, "texture": "#top"},
                "up": {"uv": [2, 7, 4, 9], "texture": "#top"}
            }
        },
        {
            "from": [2, 5, 12],
            "to": [4, 6, 14],
            "faces": {
                "north": {"uv": [2, 12, 4, 13], "texture": "#top"},
                "east": {"uv": [3, 12, 4, 14], "rotation": 90, "texture": "#top"},
                "south": {"uv": [2, 13, 4, 14], "texture": "#top"},
                "west": {"uv": [2, 12, 3, 14], "rotation": 270, "texture": "#top"},
                "up": {"uv": [2, 12, 4, 14], "texture": "#top"}
            }
        },
        {
            "from": [7, 5, 12],
            "to": [9, 6, 14],
            "faces": {
                "north": {"uv": [7, 12, 9, 13], "texture": "#top"},
                "east": {"uv": [8, 12, 9, 14], "rotation": 90, "texture": "#top"},
                "south": {"uv": [7, 13, 9, 14], "texture": "#top"},
                "west": {"uv": [7, 12, 8, 14], "rotation": 270, "texture": "#top"},
                "up": {"uv": [7, 12, 9, 14], "texture": "#top"}
            }
        }
    ]
}