{
	"credit": "Made with Blockbench",
	"textures": {
		"bar": "block/dark_oak_planks",
		"side": "block/bell_side",
		"top": "block/bell_top"
	},
	"elements": [
		{
			"from": [7, 12, 7],
			"to": [9, 14, 9],
			"rotation": {"angle": 0, "axis": "y", "origin": [13, 7, 8]},
			"faces": {
				"north": {"uv": [8, 3, 10, 5], "texture": "#bar"},
				"east": {"uv": [5, 3, 7, 5], "texture": "#bar"},
				"south": {"uv": [6, 3, 8, 5], "texture": "#bar"},
				"west": {"uv": [1, 3, 3, 5], "texture": "#bar"},
				"up": {"uv": [14, 2, 16, 4], "texture": "#bar"}
			}
		},
		{
			"name": "Cube4",
			"from": [4, 3, 4],
			"to": [12, 5, 12],
			"rotation": {"angle": 0, "axis": "y", "origin": [8, 7, 8]},
			"faces": {
				"north": {"uv": [0, 9, 8, 7], "texture": "#side"},
				"east": {"uv": [0, 9, 8, 7], "texture": "#side"},
				"south": {"uv": [0, 9, 8, 7], "texture": "#side"},
				"west": {"uv": [0, 9, 8, 7], "texture": "#side"},
				"up": {"uv": [0, 0, 8, 8], "texture": "#top"},
				"down": {"uv": [0, 0, 8, 8], "texture": "#top"}
			}
		},
		{
			"name": "Cube4",
			"from": [5, 5, 5],
			"to": [11, 12, 11],
			"rotation": {"angle": 0, "axis": "y", "origin": [8, 7, 8]},
			"faces": {
				"north": {"uv": [1, 7, 7, 0], "texture": "#side"},
				"east": {"uv": [1, 7, 7, 0], "texture": "#side"},
				"south": {"uv": [1, 7, 7, 0], "texture": "#side"},
				"west": {"uv": [1, 7, 7, 0], "texture": "#side"},
				"up": {"uv": [1, 1, 7, 7], "texture": "#top"},
				"down": {"uv": [1, 1, 7, 7], "texture": "#top"}
			}
		}
	],
	"display": {
		"thirdperson_righthand": {
			"translation": [0, 2, 0],
			"scale": [0.5, 0.5, 0.5]
		},
		"thirdperson_lefthand": {
			"translation": [0, 2, 0],
			"scale": [0.5, 0.5, 0.5]
		},
		"firstperson_righthand": {
			"rotation": [0, 90, 0],
			"scale": [0.6, 0.6, 0.6]
		},
		"firstperson_lefthand": {
			"rotation": [0, 90, 0],
			"scale": [0.6, 0.6, 0.6]
		},
		"ground": {
			"translation": [0, 3, 0],
			"scale": [0.5, 0.5, 0.5]
		},
		"gui": {
			"rotation": [30, 45, 0],
			"scale": [0.7, 0.7, 0.7]
		},
		"head": {
			"translation": [0, 13, 0]
		}
	}
}