{
	"credit": "Made with Blockbench by _GrandMagus_",
	"textures": {
		"particle": "block/brewing_stand",
		"stand": "block/brewing_stand",
		"base": "block/brewing_stand_base"
	},
	"elements": [
		{
			"from": [ 7.25, 0, 8.5 ],
			"to": [ 8.25, 14, 9.5 ],
			"rotation": { "origin": [ 7.25, 0, 9.5 ], "axis": "y", "angle": 45 },
			"faces": {
				"down": { "uv": [ 7, 7, 8, 8 ], "texture": "#stand", "rotation": 90 },
				"up": { "uv": [ 8, 2, 9, 3 ], "texture": "#stand", "rotation": 270 },
				"north": { "uv": [ 8, 2, 9, 16 ], "texture": "#stand" },
				"south": { "uv": [ 7, 2, 8, 16 ], "texture": "#stand" },
				"west": { "uv": [ 7, 2, 8, 16 ], "texture": "#stand" },
				"east": { "uv": [ 7, 2, 8, 16 ], "texture": "#stand" }
			}
		},
		{
			"from": [ 2.25, 9, 8.4999 ],
			"to": [ 3.25, 10, 9.4999 ],
			"rotation": { "origin": [ 7.25, 0, 9.5 ], "axis": "y", "angle": 45 },
			"faces": {
				"down": { "uv": [ 2, 6, 3, 7 ], "texture": "#stand", "rotation": 180 },
				"up": { "uv": [ 2, 6, 3, 7 ], "texture": "#stand", "rotation": 180 },
				"north": { "uv": [ 2, 6, 3, 7 ], "texture": "#stand" },
				"south": { "uv": [ 2, 6, 3, 7 ], "texture": "#stand" },
				"west": { "uv": [ 2, 6, 3, 7 ], "texture": "#stand" },
				"east": { "uv": [ 2, 6, 3, 7 ], "texture": "#stand" }
			}
		},
		{
			"from": [ 3.25, 10, 8.5 ],
			"to": [ 4.25, 16, 9.5 ],
			"rotation": { "origin": [ 7.25, 0, 9.5 ], "axis": "y", "angle": 45 },
			"faces": {
				"down": { "uv": [ 3, 5, 4, 6 ], "texture": "#stand", "rotation": 180 },
				"up": { "uv": [ 3, 0, 4, 1 ], "texture": "#stand", "rotation": 180 },
				"north": { "uv": [ 3, 0, 4, 6 ], "texture": "#stand" },
				"south": { "uv": [ 3, 0, 4, 6 ], "texture": "#stand" },
				"west": { "uv": [ 3, 0, 4, 6 ], "texture": "#stand" },
				"east": { "uv": [ 3, 0, 4, 6 ], "texture": "#stand" }
			}
		},
		{
			"from": [ 2.25, 11, 8.4999 ],
			"to": [ 3.25, 13, 9.4999 ],
			"rotation": { "origin": [ 7.25, 0, 9.5 ], "axis": "y", "angle": 45 },
			"faces": {
				"down": { "uv": [ 2, 4, 3, 5 ], "texture": "#stand", "rotation": 180 },
				"up": { "uv": [ 2, 3, 3, 4 ], "texture": "#stand", "rotation": 180 },
				"north": { "uv": [ 2, 3, 3, 5 ], "texture": "#stand" },
				"south": { "uv": [ 2, 3, 3, 5 ], "texture": "#stand" },
				"west": { "uv": [ 2, 3, 3, 5 ], "texture": "#stand" },
				"east": { "uv": [ 2, 3, 3, 5 ], "texture": "#stand" }
			}
		},
		{
			"from": [ 4.25, 12, 8.5 ],
			"to": [ 5.25, 15, 9.5 ],
			"rotation": { "origin": [ 7.25, 0, 9.5 ], "axis": "y", "angle": 45 },
			"faces": {
				"down": { "uv": [ 4, 3, 5, 4 ], "texture": "#stand", "rotation": 180 },
				"up": { "uv": [ 4, 1, 5, 2 ], "texture": "#stand", "rotation": 180 },
				"north": { "uv": [ 4, 1, 5, 4 ], "texture": "#stand" },
				"south": { "uv": [ 4, 1, 5, 4 ], "texture": "#stand" },
				"west": { "uv": [ 4, 1, 5, 4 ], "texture": "#stand" },
				"east": { "uv": [ 4, 1, 5, 4 ], "texture": "#stand" }
			}
		},
		{
			"from": [ 5.25, 3, 8.5 ],
			"to": [ 7.25, 14, 9.5 ],
			"rotation": { "origin": [ 7.25, 0, 9.5 ], "axis": "y", "angle": 45 },
			"faces": {
				"down": { "uv": [ 5, 12, 7, 13 ], "texture": "#stand", "rotation": 180 },
				"up": { "uv": [ 5, 2, 7, 3 ], "texture": "#stand", "rotation": 180 },
				"north": { "uv": [ 7, 2, 5, 13 ], "texture": "#stand" },
				"south": { "uv": [ 5, 2, 7, 13 ], "texture": "#stand" },
				"west": { "uv": [ 5, 2, 6, 13 ], "texture": "#stand" },
				"east": { "uv": [ 6, 2, 7, 13 ], "texture": "#stand" }
			}
		},
		{
			"from": [ 1.98, 2, 11 ],
			"to": [ 4.98, 3, 14 ],
			"rotation": { "origin": [ 3.8, 5, 12.7 ], "axis": "y", "angle": -45 },
			"faces": {
				"down": { "uv": [ 1, 13, 4, 14 ], "texture": "#stand" },
				"north": { "uv": [ 1, 13, 4, 14 ], "texture": "#stand" },
				"south": { "uv": [ 1, 13, 4, 14 ], "texture": "#stand" },
				"west": { "uv": [ 1, 13, 4, 14 ], "texture": "#stand" },
				"east": { "uv": [ 1, 13, 4, 14 ], "texture": "#stand" }
			}
		},
		{
			"from": [ 0.98, 3, 11 ],
			"to": [ 1.98, 6, 14 ],
			"rotation": { "origin": [ 3.8, 5, 12.7 ], "axis": "y", "angle": -45 },
			"faces": {
				"down": { "uv": [ 1, 13, 4, 14 ], "texture": "#stand", "rotation": 90 },
				"up": { "uv": [ 1, 9, 4, 10 ], "texture": "#stand", "rotation": 90 },
				"north": { "uv": [ 0, 10, 1, 13 ], "texture": "#stand" },
				"south": { "uv": [ 4, 10, 5, 13 ], "texture": "#stand" },
				"west": { "uv": [ 1, 10, 4, 13 ], "texture": "#stand" }
			}
		},
		{
			"from": [ 1.98, 3, 10 ],
			"to": [ 4.98, 6, 11 ],
			"rotation": { "origin": [ 3.8, 5, 12.7 ], "axis": "y", "angle": -45 },
			"faces": {
				"down": { "uv": [ 1, 13, 4, 14 ], "texture": "#stand" },
				"up": { "uv": [ 1, 9, 4, 10 ], "texture": "#stand" },
				"north": { "uv": [ 1, 10, 4, 13 ], "texture": "#stand" },
				"west": { "uv": [ 4, 10, 5, 13 ], "texture": "#stand" },
				"east": { "uv": [ 0, 10, 1, 13 ], "texture": "#stand" }
			}
		},
		{
			"from": [ 4.98, 3, 11 ],
			"to": [ 5.98, 6, 14 ],
			"rotation": { "origin": [ 3.8, 5, 12.7 ], "axis": "y", "angle": -45 },
			"faces": {
				"down": { "uv": [ 1, 13, 4, 14 ], "texture": "#stand", "rotation": 90 },
				"up": { "uv": [ 1, 9, 4, 10 ], "texture": "#stand", "rotation": 270 },
				"north": { "uv": [ 4, 10, 5, 13 ], "texture": "#stand" },
				"south": { "uv": [ 0, 10, 1, 13 ], "texture": "#stand" },
				"east": { "uv": [ 1, 10, 4, 13 ], "texture": "#stand" }
			}
		},
		{
			"from": [ 1.98, 3, 14 ],
			"to": [ 4.98, 6, 15 ],
			"rotation": { "origin": [ 3.8, 5, 12.7 ], "axis": "y", "angle": -45 },
			"faces": {
				"down": { "uv": [ 1, 13, 4, 14 ], "texture": "#stand" },
				"up": { "uv": [ 1, 9, 4, 10 ], "texture": "#stand" },
				"south": { "uv": [ 1, 10, 4, 13 ], "texture": "#stand" },
				"west": { "uv": [ 0, 10, 1, 13 ], "texture": "#stand" },
				"east": { "uv": [ 4, 10, 5, 13 ], "texture": "#stand" }
			}
		},
		{
			"from": [ 1.98, 6, 11 ],
			"to": [ 4.98, 7, 14 ],
			"rotation": { "origin": [ 3.8, 5, 12.7 ], "axis": "y", "angle": -45 },
			"faces": {
				"up": { "uv": [ 1, 9, 2, 10 ], "texture": "#stand" },
				"north": { "uv": [ 1, 9, 4, 10 ], "texture": "#stand" },
				"south": { "uv": [ 1, 9, 4, 10 ], "texture": "#stand" },
				"west": { "uv": [ 1, 9, 4, 10 ], "texture": "#stand" },
				"east": { "uv": [ 1, 9, 4, 10 ], "texture": "#stand" }
			}
		},
		{
			"from": [ 1.98, 8, 11 ],
			"to": [ 4.98, 9, 14 ],
			"rotation": { "origin": [ 3.8, 5, 12.7 ], "axis": "y", "angle": -45 },
			"faces": {
				"down": { "uv": [ 0, 0, 3, 3 ], "texture": "#stand" },
				"up": { "uv": [ 0, 0, 3, 3 ], "texture": "#stand" },
				"north": { "uv": [ 1, 7, 4, 8 ], "texture": "#stand" },
				"south": { "uv": [ 1, 7, 4, 8 ], "texture": "#stand" },
				"west": { "uv": [ 1, 7, 4, 8 ], "texture": "#stand" },
				"east": { "uv": [ 1, 7, 4, 8 ], "texture": "#stand" }
			}
		},
		{
			"from": [ 1.98, 7, 12 ],
			"to": [ 4.98, 8, 13 ],
			"rotation": { "origin": [ 3.8, 5, 12.7 ], "axis": "y", "angle": -45 },
			"faces": {
				"north": { "uv": [ 1, 8, 4, 9 ], "texture": "#stand" },
				"south": { "uv": [ 1, 8, 4, 9 ], "texture": "#stand" },
				"west": { "uv": [ 1, 8, 2, 9 ], "texture": "#stand" },
				"east": { "uv": [ 1, 8, 2, 9 ], "texture": "#stand" }
			}
		},
		{
			"from": [ 2.98, 7, 11 ],
			"to": [ 3.98, 8, 14 ],
			"rotation": { "origin": [ 3.8, 5, 12.7 ], "axis": "y", "angle": -45 },
			"faces": {
				"north": { "uv": [ 1, 8, 2, 9 ], "texture": "#stand" },
				"south": { "uv": [ 1, 8, 2, 9 ], "texture": "#stand" },
				"west": { "uv": [ 1, 8, 4, 9 ], "texture": "#stand" },
				"east": { "uv": [ 1, 8, 4, 9 ], "texture": "#stand" }
			}
		},
		{
			"from": [ 2, 0, 9 ],
			"to": [ 8, 2, 15 ],
			"faces": {
				"down": { "uv": [ 2, 9, 8, 15 ], "texture": "#base", "cullface": "down" },
				"up": { "uv": [ 2, 9, 8, 15 ], "texture": "#base" },
				"north": { "uv": [ 2, 14, 8, 16 ], "texture": "#base" },
				"south": { "uv": [ 2, 14, 8, 16 ], "texture": "#base" },
				"west": { "uv": [ 9, 14, 15, 16 ], "texture": "#base" },
				"east": { "uv": [ 9, 14, 15, 16 ], "texture": "#base" }
			}
		},
		{
			"from": [ 2, 0, 1 ],
			"to": [ 8, 2, 7 ],
			"faces": {
				"down": { "uv": [ 2, 1, 8, 7 ], "texture": "#base", "cullface": "down" },
				"up": { "uv": [ 2, 1, 8, 7 ], "texture": "#base" },
				"north": { "uv": [ 2, 14, 8, 16 ], "texture": "#base" },
				"south": { "uv": [ 2, 14, 8, 16 ], "texture": "#base" },
				"west": { "uv": [ 1, 14, 7, 16 ], "texture": "#base" },
				"east": { "uv": [ 1, 14, 7, 16 ], "texture": "#base" }
			}
		},
		{
			"from": [ 9, 0, 5 ],
			"to": [ 15, 2, 11 ],
			"faces": {
				"down": { "uv": [ 9, 5, 15, 11 ], "texture": "#base", "cullface": "down" },
				"up": { "uv": [ 9, 5, 15, 11 ], "texture": "#base" },
				"north": { "uv": [ 9, 14, 15, 16 ], "texture": "#base" },
				"south": { "uv": [ 9, 14, 15, 16 ], "texture": "#base" },
				"west": { "uv": [ 5, 14, 11, 16 ], "texture": "#base" },
				"east": { "uv": [ 5, 14, 11, 16 ], "texture": "#base" }
			}
		},
		{
			"from": [ 7, 0, 7 ],
			"to": [ 9, 14, 9 ],
			"faces": {
				"down": { "uv": [ 7, 7, 9, 9 ], "texture": "#stand" },
				"up": { "uv": [ 7, 7, 9, 9 ], "texture": "#stand" },
				"north": { "uv": [ 7, 2, 9, 16 ], "texture": "#stand" },
				"south": { "uv": [ 7, 2, 9, 16 ], "texture": "#stand" },
				"west": { "uv": [ 7, 2, 9, 16 ], "texture": "#stand" },
				"east": { "uv": [ 7, 2, 9, 16 ], "texture": "#stand" }
			}
		},
		{
			"from": [ 6.5, 3, 5.25 ],
			"to": [ 7.5, 14, 7.25 ],
			"rotation": { "origin": [ 6.5, 3, 7.25 ], "axis": "y", "angle": 45 },
			"faces": {
				"down": { "uv": [ 5, 12, 7, 13 ], "texture": "#stand", "rotation": 90 },
				"up": { "uv": [ 5, 2, 7, 3 ], "texture": "#stand", "rotation": 270 },
				"north": { "uv": [ 5, 2, 6, 13 ], "texture": "#stand" },
				"south": { "uv": [ 6, 2, 7, 13 ], "texture": "#stand" },
				"west": { "uv": [ 5, 2, 7, 13 ], "texture": "#stand" },
				"east": { "uv": [ 7, 2, 5, 13 ], "texture": "#stand" }
			}
		},
		{
			"from": [ 6.5, 12, 4.25 ],
			"to": [ 7.5, 15, 5.25 ],
			"rotation": { "origin": [ 6.5, 3, 7.25 ], "axis": "y", "angle": 45 },
			"faces": {
				"down": { "uv": [ 4, 3, 5, 4 ], "texture": "#stand", "rotation": 90 },
				"up": { "uv": [ 4, 1, 5, 2 ], "texture": "#stand", "rotation": 270 },
				"north": { "uv": [ 4, 1, 5, 4 ], "texture": "#stand" },
				"south": { "uv": [ 4, 1, 5, 4 ], "texture": "#stand" },
				"west": { "uv": [ 4, 1, 5, 4 ], "texture": "#stand" },
				"east": { "uv": [ 4, 1, 5, 4 ], "texture": "#stand" }
			}
		},
		{
			"from": [ 6.5, 11, 2.25 ],
			"to": [ 7.5, 13, 3.25 ],
			"rotation": { "origin": [ 6.5, 3, 7.25 ], "axis": "y", "angle": 45 },
			"faces": {
				"down": { "uv": [ 2, 4, 3, 5 ], "texture": "#stand", "rotation": 90 },
				"up": { "uv": [ 2, 3, 3, 4 ], "texture": "#stand", "rotation": 270 },
				"north": { "uv": [ 2, 3, 3, 5 ], "texture": "#stand" },
				"south": { "uv": [ 2, 3, 3, 5 ], "texture": "#stand" },
				"west": { "uv": [ 2, 3, 3, 5 ], "texture": "#stand" },
				"east": { "uv": [ 2, 3, 3, 5 ], "texture": "#stand" }
			}
		},
		{
			"from": [ 6.5, 6, 3.25 ],
			"to": [ 7.5, 16, 4.25 ],
			"rotation": { "origin": [ 6.5, 3, 7.25 ], "axis": "y", "angle": 45 },
			"faces": {
				"down": { "uv": [ 12, 9, 13, 10 ], "texture": "#stand", "rotation": 90 },
				"up": { "uv": [ 12, 0, 13, 1 ], "texture": "#stand", "rotation": 270 },
				"north": { "uv": [ 12, 0, 13, 10 ], "texture": "#stand" },
				"south": { "uv": [ 12, 0, 13, 10 ], "texture": "#stand" },
				"west": { "uv": [ 12, 0, 13, 10 ], "texture": "#stand" },
				"east": { "uv": [ 12, 0, 13, 10 ], "texture": "#stand" }
			}
		},
		{
			"from": [ 6.5, 0, 7.25 ],
			"to": [ 7.5, 14, 8.25 ],
			"rotation": { "origin": [ 6.5, 0, 7.25 ], "axis": "y", "angle": 45 },
			"faces": {
				"down": { "uv": [ 7, 7, 8, 8 ], "texture": "#stand" },
				"up": { "uv": [ 7, 2, 8, 3 ], "texture": "#stand" },
				"north": { "uv": [ 7, 2, 8, 16 ], "texture": "#stand" },
				"south": { "uv": [ 8, 2, 9, 16 ], "texture": "#stand" },
				"west": { "uv": [ 7, 2, 8, 16 ], "texture": "#stand" },
				"east": { "uv": [ 8, 2, 9, 16 ], "texture": "#stand" }
			}
		},
		{
			"from": [ 11, 12, 7.5 ],
			"to": [ 12, 15, 8.5 ],
			"faces": {
				"down": { "uv": [ 4, 3, 5, 4 ], "texture": "#stand" },
				"up": { "uv": [ 4, 1, 5, 2 ], "texture": "#stand" },
				"north": { "uv": [ 4, 1, 5, 4 ], "texture": "#stand" },
				"south": { "uv": [ 4, 1, 5, 4 ], "texture": "#stand" },
				"west": { "uv": [ 4, 1, 5, 4 ], "texture": "#stand" },
				"east": { "uv": [ 4, 1, 5, 4 ], "texture": "#stand" }
			}
		},
		{
			"from": [ 13, 11, 7.5 ],
			"to": [ 14, 13, 8.5 ],
			"faces": {
				"down": { "uv": [ 2, 4, 3, 5 ], "texture": "#stand" },
				"up": { "uv": [ 2, 3, 3, 4 ], "texture": "#stand" },
				"north": { "uv": [ 2, 3, 3, 5 ], "texture": "#stand" },
				"south": { "uv": [ 2, 3, 3, 5 ], "texture": "#stand" },
				"west": { "uv": [ 2, 3, 3, 5 ], "texture": "#stand" },
				"east": { "uv": [ 2, 3, 3, 5 ], "texture": "#stand" }
			}
		},
		{
			"from": [ 12, 6, 7.5 ],
			"to": [ 13, 16, 8.5 ],
			"faces": {
				"down": { "uv": [ 12, 9, 13, 10 ], "texture": "#stand" },
				"up": { "uv": [ 12, 0, 13, 1 ], "texture": "#stand" },
				"north": { "uv": [ 12, 0, 13, 10 ], "texture": "#stand" },
				"south": { "uv": [ 12, 0, 13, 10 ], "texture": "#stand" },
				"west": { "uv": [ 12, 0, 13, 10 ], "texture": "#stand" },
				"east": { "uv": [ 12, 0, 13, 10 ], "texture": "#stand" }
			}
		},
		{
			"from": [ 9, 3, 7.5 ],
			"to": [ 11, 14, 8.5 ],
			"faces": {
				"down": { "uv": [ 5, 12, 7, 13 ], "texture": "#stand" },
				"up": { "uv": [ 5, 2, 7, 3 ], "texture": "#stand" },
				"north": { "uv": [ 5, 2, 7, 13 ], "texture": "#stand" },
				"south": { "uv": [ 7, 2, 5, 13 ], "texture": "#stand" },
				"west": { "uv": [ 6, 2, 7, 13 ], "texture": "#stand" },
				"east": { "uv": [ 5, 2, 6, 13 ], "texture": "#stand" }
			}
		}
	],
	"display": {
		"thirdperson_righthand": {
			"rotation":  [ 75, 45, 0 ],
			"translation":  [ 0, 2.5, 0 ],
			"scale":  [ 0.375, 0.375, 0.375 ]
		},
		"thirdperson_lefthand": {
			"rotation":  [ 75, 45, 0 ],
			"translation":  [ 0, 2.5, 0 ],
			"scale":  [ 0.375, 0.375, 0.375 ]
		},
		"firstperson_righthand": {
			"rotation":  [ 0, 45, 0 ],
			"translation":  [ 0, 1, 0 ],
			"scale":  [ 0.4, 0.4, 0.4 ]
		},
		"firstperson_lefthand": {
			"rotation":  [ 0, 45, 0 ],
			"translation":  [ 0, 1, 0 ],
			"scale":  [ 0.4, 0.4, 0.4 ]
		},
		"gui": {
			"rotation":  [ 30, 135, 0 ],
			"scale":  [ 0.625, 0.625, 0.625 ]
		},
		"ground": {
			"translation":  [ 0, 3, 0 ],
			"scale":  [ 0.25, 0.25, 0.25 ]
		},
		"fixed": {
			"scale":  [ 0.5, 0.5, 0.5 ]
		}
	}
}