{
	"__comment": "Created by _GrandMagus_",
	"textures": {
		"block": "block/ladder",
		"particle": "block/ladder"
	},
	"elements": [
		{
			"__comment": "Left side rail",
			"from": [ 2, 0, 14 ],
			"to": [ 4.02, 16, 16.02 ],
			"faces": {
				"down": { "uv": [ 12, 15, 14, 16 ], "texture": "#block", "cullface": "down", "rotation": 180 },
				"up": { "uv": [ 12, 1, 14, 0 ], "texture": "#block", "cullface": "up", "rotation": 180 },
				"north": { "uv": [ 12, 0, 13.98, 15.98 ], "texture": "#block" },
				"south": { "uv": [ 12, 16, 13.99, 0.01000023 ], "texture": "#block", "cullface": "south", "rotation": 180 },
				"west": { "uv": [ 14, 0, 13.01, 15.99 ], "texture": "#block" },
				"east": { "uv": [ 13, 0, 12.01, 15.99 ], "texture": "#block" }
			}
		},
		{
			"__comment": "Step 1",
			"from": [ 1, 1, 13 ],
			"to": [ 15, 3, 15 ],
			"faces": {
				"down": { "uv": [ 1, 15, 14.99, 14.01 ], "texture": "#block" },
				"up": { "uv": [ 15, 13, 1.01, 13.99 ], "texture": "#block" },
				"north": { "uv": [ 1, 13, 14.99, 14.99 ], "texture": "#block" },
				"south": { "uv": [ 15, 13, 1, 15 ], "texture": "#block" },
				"west": { "uv": [ 14, 13, 14.98, 14.98 ], "texture": "#block" },
				"east": { "uv": [ 1, 13, 1.98, 14.98 ], "texture": "#block" }
			}
		},
		{
			"__comment": "Step 1",
			"from": [ 1, 13, 13 ],
			"to": [ 15, 15, 15 ],
			"faces": {
				"down": { "uv": [ 1.01, 2.99, 15, 2 ], "texture": "#block" },
				"up": { "uv": [ 15, 1.01, 1.01, 2 ], "texture": "#block" },
				"north": { "uv": [ 1, 1.01, 14.99, 3 ], "texture": "#block" },
				"south": { "uv": [ 15, 1, 1, 3 ], "texture": "#block" },
				"west": { "uv": [ 14.01, 1.01, 14.99, 2.99 ], "texture": "#block" },
				"east": { "uv": [ 1, 1, 1.98, 2.98 ], "texture": "#block" }
			}
		},
		{
			"__comment": "Step 1",
			"from": [ 1, 9, 13 ],
			"to": [ 15, 11, 15 ],
			"faces": {
				"down": { "uv": [ 1, 7, 14.99, 6.01 ], "texture": "#block" },
				"up": { "uv": [ 15, 5, 1.01, 5.99 ], "texture": "#block" },
				"north": { "uv": [ 1, 5, 14.99, 6.99 ], "texture": "#block" },
				"south": { "uv": [ 15, 5, 1, 7 ], "texture": "#block" },
				"west": { "uv": [ 14, 5, 14.98, 6.98 ], "texture": "#block" },
				"east": { "uv": [ 1, 5, 1.98, 6.98 ], "texture": "#block" }
			}
		},
		{
			"__comment": "Step 1",
			"from": [ 1, 5, 13 ],
			"to": [ 15, 7, 15 ],
			"faces": {
				"down": { "uv": [ 1, 11, 14.99, 10.01 ], "texture": "#block" },
				"up": { "uv": [ 15, 9, 1.01, 9.99 ], "texture": "#block" },
				"north": { "uv": [ 1, 9, 14.99, 10.99 ], "texture": "#block" },
				"south": { "uv": [ 15, 9, 1, 11 ], "texture": "#block" },
				"west": { "uv": [ 14, 9, 14.98, 10.98 ], "texture": "#block" },
				"east": { "uv": [ 1, 9, 1.98, 10.98 ], "texture": "#block" }
			}
		},
		{
			"__comment": "Left side rail",
			"from": [ 12, 0, 13.98 ],
			"to": [ 14.02, 16, 16 ],
			"faces": {
				"down": { "uv": [ 2, 15, 3.99, 15.99 ], "texture": "#block", "cullface": "down", "rotation": 180 },
				"up": { "uv": [ 2, 1, 4, 0 ], "texture": "#block", "cullface": "up", "rotation": 180 },
				"north": { "uv": [ 2.01, 0.01000023, 3.99, 15.99 ], "texture": "#block" },
				"south": { "uv": [ 2, 15.99, 3.99, 0 ], "texture": "#block", "cullface": "south", "rotation": 180 },
				"west": { "uv": [ 3.99, 0.01000023, 3, 16 ], "texture": "#block" },
				"east": { "uv": [ 3, 0, 2.01, 15.99 ], "texture": "#block" }
			}
		}
	],
	"display": {
		"thirdperson_righthand": {
			"rotation":  [ 45, 0, 0 ],
			"translation":  [ 0, 3, 0 ],
			"scale":  [ 0.375, 0.375, 0.375 ]
		},
		"thirdperson_lefthand": {
			"rotation":  [ 45, 0, 0 ],
			"translation":  [ 0, 3, 0 ],
			"scale":  [ 0.375, 0.375, 0.375 ]
		},
		"firstperson_righthand": {
			"rotation":  [ 0, -45, 0 ],
			"translation":  [ 0, 2, 0 ],
			"scale":  [ 0.4, 0.4, 0.4 ]
		},
		"firstperson_lefthand": {
			"rotation":  [ 0, -45, 0 ],
			"translation":  [ 0, 2, 0 ],
			"scale":  [ 0.4, 0.4, 0.4 ]
		},
		"gui": {
			"rotation":  [ 30, 225, 0 ],
			"translation":  [ 2.5, -1.5, 0 ],
			"scale":  [ 0.7, 0.7, 0.7 ]
		},
		"head": {
			"rotation":  [ 90, 0, 0 ],
			"translation":  [ 0, 14, 0 ]
		},
		"ground": {
			"translation":  [ 0, 3, 0 ],
			"scale":  [ 0.5, 0.5, 0.5 ]
		},
		"fixed": {
			"translation":  [ 0, 0, -7 ]
		}
	}
}