{
	"credit": "Made with Blockbench",
	"ambientocclusion": false,
	"textures": {
		"1": "block/rail_part_tie",
		"particle": "block/rail",
		"rail": "block/rail"
	},
	"elements": [
		{
			"name": "rail_1l",
			"from": [2, 1, 0.92],
			"to": [4, 2, 16],
			"rotation": {"angle": 45, "axis": "x", "origin": [8, 2, 16]},
			"faces": {
				"east": {"uv": [3, 0, 4, 16], "rotation": 90, "texture": "#rail"},
				"south": {"uv": [2, 15, 4, 16], "texture": "#rail"},
				"west": {"uv": [2, 0, 3, 16], "rotation": 270, "texture": "#rail"},
				"up": {"uv": [2, 0, 4, 16], "texture": "#rail"},
				"down": {"uv": [2, 16, 4, 0], "texture": "#rail"}
			}
		},
		{
			"name": "rail_1r",
			"from": [12, 1, 0.92],
			"to": [14, 2, 16],
			"rotation": {"angle": 45, "axis": "x", "origin": [8, 2, 16]},
			"faces": {
				"east": {"uv": [13, 0, 14, 16], "rotation": 90, "texture": "#rail"},
				"south": {"uv": [12, 15, 14, 16], "texture": "#rail"},
				"west": {"uv": [12, 0, 13, 16], "rotation": 270, "texture": "#rail"},
				"up": {"uv": [12, 0, 14, 16], "texture": "#rail"},
				"down": {"uv": [12, 16, 14, 0], "texture": "#rail"}
			}
		},
		{
			"name": "rail_2l",
			"from": [2, 17, 0],
			"to": [4, 18, 7.55],
			"rotation": {"angle": 45, "axis": "x", "origin": [8, 18, 0]},
			"faces": {
				"north": {"uv": [2, 8, 4, 9], "rotation": 180, "texture": "#rail"},
				"east": {"uv": [3, 8, 4, 16], "rotation": 90, "texture": "#rail"},
				"west": {"uv": [2, 8, 3, 16], "rotation": 270, "texture": "#rail"},
				"up": {"uv": [2, 8, 4, 16], "texture": "#rail"},
				"down": {"uv": [2, 16, 4, 8], "texture": "#rail"}
			}
		},
		{
			"name": "rail_2l",
			"from": [12, 17, 0],
			"to": [14, 18, 7.55],
			"rotation": {"angle": 45, "axis": "x", "origin": [8, 18, 0]},
			"faces": {
				"north": {"uv": [12, 8, 14, 9], "rotation": 180, "texture": "#rail"},
				"east": {"uv": [13, 8, 14, 16], "rotation": 90, "texture": "#rail"},
				"west": {"uv": [12, 8, 13, 16], "rotation": 270, "texture": "#rail"},
				"up": {"uv": [12, 8, 14, 16], "texture": "#rail"},
				"down": {"uv": [12, 16, 14, 8], "texture": "#rail"}
			}
		},
		{
			"name": "tie_1",
			"from": [1, 16, 0.94],
			"to": [15, 17, 2.83],
			"rotation": {"angle": 45, "axis": "x", "origin": [0, 18, 0]},
			"faces": {
				"north": {"uv": [14, 0, 0, 1], "texture": "#1"},
				"east": {"uv": [13, 0, 14, 2], "rotation": 90, "texture": "#1"},
				"south": {"uv": [0, 1, 14, 2], "texture": "#1"},
				"west": {"uv": [0, 0, 1, 2], "rotation": 270, "texture": "#1"},
				"up": {"uv": [0, 0, 14, 2], "texture": "#1"},
				"down": {"uv": [14, 0, 0, 2], "rotation": 180, "texture": "#1"}
			}
		},
		{
			"name": "tie_2",
			"from": [1, 16, 4.72],
			"to": [15, 17, 6.61],
			"rotation": {"angle": 45, "axis": "x", "origin": [0, 18, 0]},
			"faces": {
				"north": {"uv": [14, 2, 0, 3], "texture": "#1"},
				"east": {"uv": [13, 2, 14, 4], "rotation": 90, "texture": "#1"},
				"south": {"uv": [0, 3, 14, 4], "texture": "#1"},
				"west": {"uv": [0, 2, 1, 4], "rotation": 270, "texture": "#1"},
				"up": {"uv": [0, 2, 14, 4], "texture": "#1"},
				"down": {"uv": [14, 2, 0, 4], "rotation": 180, "texture": "#1"}
			}
		},
		{
			"name": "tie_3",
			"from": [1, 0, 1.86],
			"to": [15, 1, 3.75],
			"rotation": {"angle": 45, "axis": "x", "origin": [0, 2, 16]},
			"faces": {
				"north": {"uv": [14, 4, 0, 5], "texture": "#1"},
				"east": {"uv": [13, 4, 14, 6], "rotation": 90, "texture": "#1"},
				"south": {"uv": [0, 5, 14, 6], "texture": "#1"},
				"west": {"uv": [0, 4, 1, 6], "rotation": 270, "texture": "#1"},
				"up": {"uv": [0, 4, 14, 6], "texture": "#1"},
				"down": {"uv": [14, 4, 0, 6], "rotation": 180, "texture": "#1"}
			}
		},
		{
			"name": "tie_4",
			"from": [1, 0, 5.63],
			"to": [15, 1, 7.52],
			"rotation": {"angle": 45, "axis": "x", "origin": [0, 2, 16]},
			"faces": {
				"north": {"uv": [14, 6, 0, 7], "texture": "#1"},
				"east": {"uv": [13, 6, 14, 8], "rotation": 90, "texture": "#1"},
				"south": {"uv": [0, 7, 14, 8], "texture": "#1"},
				"west": {"uv": [0, 6, 1, 8], "rotation": 270, "texture": "#1"},
				"up": {"uv": [0, 6, 14, 8], "texture": "#1"},
				"down": {"uv": [14, 6, 0, 8], "rotation": 180, "texture": "#1"}
			}
		},
		{
			"name": "tie_5",
			"from": [1, 0, 9.4],
			"to": [15, 1, 11.29],
			"rotation": {"angle": 45, "axis": "x", "origin": [0, 2, 16]},
			"faces": {
				"north": {"uv": [14, 8, 0, 9], "texture": "#1"},
				"east": {"uv": [13, 8, 14, 10], "rotation": 90, "texture": "#1"},
				"south": {"uv": [0, 9, 14, 10], "texture": "#1"},
				"west": {"uv": [0, 8, 1, 10], "rotation": 270, "texture": "#1"},
				"up": {"uv": [0, 8, 14, 10], "texture": "#1"},
				"down": {"uv": [14, 8, 0, 10], "rotation": 180, "texture": "#1"}
			}
		},
		{
			"name": "tie_6",
			"from": [1, 0, 13.17],
			"to": [15, 1, 15.06],
			"rotation": {"angle": 45, "axis": "x", "origin": [0, 2, 16]},
			"faces": {
				"north": {"uv": [14, 10, 0, 11], "texture": "#1"},
				"east": {"uv": [13, 10, 14, 12], "rotation": 90, "texture": "#1"},
				"south": {"uv": [0, 11, 14, 12], "texture": "#1"},
				"west": {"uv": [0, 10, 1, 12], "rotation": 270, "texture": "#1"},
				"up": {"uv": [0, 10, 14, 12], "texture": "#1"},
				"down": {"uv": [14, 10, 0, 12], "rotation": 180, "texture": "#1"}
			}
		},
		{
			"name": "support_1r_upper",
			"from": [12, -1, 2.81],
			"to": [14, 0, 17.89],
			"rotation": {"angle": 45, "axis": "x", "origin": [8, 2, 16]},
			"faces": {
				"east": {"uv": [0, 12, 16, 13], "texture": "#1"},
				"south": {"uv": [0, 14, 1, 12], "rotation": 270, "texture": "#1"},
				"west": {"uv": [0, 13, 16, 14], "rotation": 180, "texture": "#1"},
				"up": {"uv": [0, 14, 16, 12], "rotation": 270, "texture": "#1"},
				"down": {"uv": [0, 12, 16, 14], "rotation": 90, "texture": "#1"}
			}
		},
		{
			"name": "support_1r_lower",
			"from": [12, -5, -0.97],
			"to": [14, -4, 14.11],
			"rotation": {"angle": 45, "axis": "x", "origin": [8, 2, 16]},
			"faces": {
				"north": {"uv": [5, 1, 11, 2], "texture": "#rail"},
				"east": {"uv": [0, 14, 16, 15], "texture": "#1"},
				"south": {"uv": [0, 16, 1, 14], "rotation": 270, "texture": "#1"},
				"west": {"uv": [0, 15, 16, 16], "rotation": 180, "texture": "#1"},
				"up": {"uv": [0, 16, 16, 14], "rotation": 270, "texture": "#1"},
				"down": {"uv": [0, 14, 16, 16], "rotation": 90, "texture": "#1"}
			}
		},
		{
			"name": "support_1l_upper",
			"from": [2, -1, 2.81],
			"to": [4, 0, 17.89],
			"rotation": {"angle": 45, "axis": "x", "origin": [8, 2, 16]},
			"faces": {
				"north": {"uv": [5, 2, 11, 1], "texture": "#rail"},
				"east": {"uv": [0, 13, 16, 14], "texture": "#1"},
				"south": {"uv": [0, 12, 1, 14], "rotation": 270, "texture": "#1"},
				"west": {"uv": [0, 12, 16, 13], "rotation": 180, "texture": "#1"},
				"up": {"uv": [0, 12, 16, 14], "rotation": 270, "texture": "#1"},
				"down": {"uv": [0, 14, 16, 12], "rotation": 90, "texture": "#1"}
			}
		},
		{
			"name": "support_1l_lower",
			"from": [2, -5, -0.97],
			"to": [4, -4, 14.11],
			"rotation": {"angle": 45, "axis": "x", "origin": [8, 2, 16]},
			"faces": {
				"north": {"uv": [5, 1, 11, 2], "texture": "#rail"},
				"east": {"uv": [0, 15, 16, 16], "texture": "#1"},
				"south": {"uv": [0, 14, 1, 16], "rotation": 270, "texture": "#1"},
				"west": {"uv": [0, 14, 16, 15], "rotation": 180, "texture": "#1"},
				"up": {"uv": [0, 14, 16, 16], "rotation": 270, "texture": "#1"},
				"down": {"uv": [16, 16, 0, 14], "rotation": 90, "texture": "#1"}
			}
		},
		{
			"name": "support_2l_upper",
			"from": [2, 15, 1.89],
			"to": [4, 16, 9.44],
			"rotation": {"angle": 45, "axis": "x", "origin": [8, 18, 0]},
			"faces": {
				"north": {"uv": [8, 16, 9, 14], "rotation": 270, "texture": "#1"},
				"east": {"uv": [16, 16, 8, 15], "texture": "#1"},
				"west": {"uv": [16, 14, 8, 15], "rotation": 180, "texture": "#1"},
				"up": {"uv": [16, 14, 8, 16], "rotation": 270, "texture": "#1"},
				"down": {"uv": [16, 16, 8, 14], "rotation": 90, "texture": "#1"}
			}
		},
		{
			"name": "support_2l_lower",
			"from": [2, 11, -1.89],
			"to": [4, 12, 5.66],
			"rotation": {"angle": 45, "axis": "x", "origin": [8, 18, 0]},
			"faces": {
				"north": {"uv": [8, 14, 9, 12], "rotation": 270, "texture": "#1"},
				"east": {"uv": [16, 13, 8, 14], "texture": "#1"},
				"west": {"uv": [16, 12, 8, 13], "rotation": 180, "texture": "#1"},
				"up": {"uv": [16, 12, 8, 14], "rotation": 270, "texture": "#1"},
				"down": {"uv": [16, 14, 8, 12], "rotation": 90, "texture": "#1"}
			}
		},
		{
			"name": "support_2r_lower",
			"from": [12, 11, -1.89],
			"to": [14, 12, 5.66],
			"rotation": {"angle": 45, "axis": "x", "origin": [8, 18, 0]},
			"faces": {
				"north": {"uv": [8, 12, 9, 14], "rotation": 270, "texture": "#1"},
				"east": {"uv": [16, 12, 8, 13], "texture": "#1"},
				"south": {"uv": [5, 1, 11, 2], "texture": "#rail"},
				"west": {"uv": [16, 13, 8, 14], "rotation": 180, "texture": "#1"},
				"up": {"uv": [16, 14, 8, 12], "rotation": 270, "texture": "#1"},
				"down": {"uv": [16, 12, 8, 14], "rotation": 90, "texture": "#1"}
			}
		},
		{
			"name": "support_2r_upper",
			"from": [12, 15, 1.89],
			"to": [14, 16, 9.44],
			"rotation": {"angle": 45, "axis": "x", "origin": [8, 18, 0]},
			"faces": {
				"north": {"uv": [8, 14, 9, 16], "rotation": 270, "texture": "#1"},
				"east": {"uv": [16, 15, 8, 14], "texture": "#1"},
				"south": {"uv": [5, 1, 11, 2], "texture": "#rail"},
				"west": {"uv": [16, 15, 8, 16], "rotation": 180, "texture": "#1"},
				"up": {"uv": [16, 16, 8, 14], "rotation": 270, "texture": "#1"},
				"down": {"uv": [16, 14, 8, 16], "rotation": 90, "texture": "#1"}
			}
		},
		{
			"from": [2.5, 13.7, -5.1],
			"to": [3.5, 14.7, -1.1],
			"rotation": {"angle": 0, "axis": "y", "origin": [0, 16, -16]},
			"faces": {
				"north": {"uv": [0, 13, 1, 14], "texture": "#1"},
				"east": {"uv": [4, 13, 0, 14], "texture": "#1"},
				"west": {"uv": [0, 13, 4, 14], "texture": "#1"},
				"up": {"uv": [0, 13, 4, 14], "rotation": 90, "texture": "#1"},
				"down": {"uv": [0, 13, 4, 14], "texture": "#1"}
			}
		},
		{
			"from": [2.5, 10.7, -1.1],
			"to": [3.5, 14.7, -0.1],
			"faces": {
				"north": {"uv": [0, 15, 4, 16], "rotation": 90, "texture": "#1"},
				"east": {"uv": [0, 15, 4, 16], "rotation": 90, "texture": "#1"},
				"south": {"uv": [0, 15, 4, 16], "rotation": 90, "texture": "#1"},
				"west": {"uv": [0, 15, 4, 16], "rotation": 90, "texture": "#1"},
				"up": {"uv": [0, 15, 1, 16], "rotation": 90, "texture": "#1"}
			}
		},
		{
			"from": [2.5, 9.7, -1.1],
			"to": [3.5, 10.7, 2.9],
			"rotation": {"angle": 0, "axis": "y", "origin": [0, 16, -16]},
			"faces": {
				"north": {"uv": [4, 13, 5, 14], "texture": "#1"},
				"east": {"uv": [8, 13, 4, 14], "texture": "#1"},
				"west": {"uv": [4, 13, 8, 14], "texture": "#1"},
				"up": {"uv": [4, 13, 8, 14], "rotation": 90, "texture": "#1"},
				"down": {"uv": [4, 13, 8, 14], "texture": "#1"}
			}
		},
		{
			"from": [2.5, 6.7, 2.9],
			"to": [3.5, 10.7, 3.9],
			"faces": {
				"north": {"uv": [4, 15, 8, 16], "rotation": 90, "texture": "#1"},
				"east": {"uv": [4, 15, 8, 16], "rotation": 90, "texture": "#1"},
				"south": {"uv": [4, 15, 8, 16], "rotation": 90, "texture": "#1"},
				"west": {"uv": [4, 15, 8, 16], "rotation": 90, "texture": "#1"},
				"up": {"uv": [4, 15, 5, 16], "rotation": 90, "texture": "#1"}
			}
		},
		{
			"from": [2.5, -1.3, 10.9],
			"to": [3.5, 2.7, 11.9],
			"faces": {
				"north": {"uv": [12, 15, 16, 16], "rotation": 90, "texture": "#1"},
				"east": {"uv": [12, 15, 16, 16], "rotation": 90, "texture": "#1"},
				"south": {"uv": [12, 15, 16, 16], "rotation": 90, "texture": "#1"},
				"west": {"uv": [12, 15, 16, 16], "rotation": 90, "texture": "#1"},
				"up": {"uv": [12, 15, 13, 16], "rotation": 90, "texture": "#1"}
			}
		},
		{
			"from": [2.5, 1.7, 6.9],
			"to": [3.5, 2.7, 10.9],
			"rotation": {"angle": 0, "axis": "y", "origin": [0, 16, -16]},
			"faces": {
				"north": {"uv": [12, 13, 13, 14], "texture": "#1"},
				"east": {"uv": [16, 13, 12, 14], "texture": "#1"},
				"west": {"uv": [12, 13, 16, 14], "texture": "#1"},
				"up": {"uv": [12, 13, 16, 14], "rotation": 90, "texture": "#1"},
				"down": {"uv": [12, 13, 16, 14], "texture": "#1"}
			}
		},
		{
			"from": [2.5, 2.7, 6.9],
			"to": [3.5, 6.7, 7.9],
			"faces": {
				"north": {"uv": [8, 15, 12, 16], "rotation": 90, "texture": "#1"},
				"east": {"uv": [8, 15, 12, 16], "rotation": 90, "texture": "#1"},
				"south": {"uv": [8, 15, 12, 16], "rotation": 90, "texture": "#1"},
				"west": {"uv": [8, 15, 12, 16], "rotation": 90, "texture": "#1"},
				"up": {"uv": [8, 15, 9, 16], "rotation": 90, "texture": "#1"}
			}
		},
		{
			"from": [2.5, 5.7, 2.9],
			"to": [3.5, 6.7, 6.9],
			"rotation": {"angle": 0, "axis": "y", "origin": [0, 16, -16]},
			"faces": {
				"north": {"uv": [8, 13, 9, 14], "texture": "#1"},
				"east": {"uv": [12, 13, 8, 14], "texture": "#1"},
				"west": {"uv": [8, 13, 12, 14], "texture": "#1"},
				"up": {"uv": [8, 13, 12, 14], "rotation": 90, "texture": "#1"},
				"down": {"uv": [8, 13, 12, 14], "texture": "#1"}
			}
		},
		{
			"from": [12.5, 13.7, -5.1],
			"to": [13.5, 14.7, -1.1],
			"rotation": {"angle": 0, "axis": "y", "origin": [0, 16, -16]},
			"faces": {
				"north": {"uv": [0, 13, 1, 14], "texture": "#1"},
				"east": {"uv": [4, 13, 0, 14], "texture": "#1"},
				"west": {"uv": [0, 13, 4, 14], "texture": "#1"},
				"up": {"uv": [0, 13, 4, 14], "rotation": 90, "texture": "#1"},
				"down": {"uv": [0, 13, 4, 14], "texture": "#1"}
			}
		},
		{
			"from": [12.5, 10.7, -1.1],
			"to": [13.5, 14.7, -0.1],
			"faces": {
				"north": {"uv": [0, 15, 4, 16], "rotation": 90, "texture": "#1"},
				"east": {"uv": [0, 15, 4, 16], "rotation": 90, "texture": "#1"},
				"south": {"uv": [0, 15, 4, 16], "rotation": 90, "texture": "#1"},
				"west": {"uv": [0, 15, 4, 16], "rotation": 90, "texture": "#1"},
				"up": {"uv": [0, 15, 1, 16], "rotation": 90, "texture": "#1"}
			}
		},
		{
			"from": [12.5, 9.7, -1.1],
			"to": [13.5, 10.7, 2.9],
			"rotation": {"angle": 0, "axis": "y", "origin": [0, 16, -16]},
			"faces": {
				"north": {"uv": [4, 13, 5, 14], "texture": "#1"},
				"east": {"uv": [8, 13, 4, 14], "texture": "#1"},
				"west": {"uv": [4, 13, 8, 14], "texture": "#1"},
				"up": {"uv": [4, 13, 8, 14], "rotation": 90, "texture": "#1"},
				"down": {"uv": [4, 13, 8, 14], "texture": "#1"}
			}
		},
		{
			"from": [12.5, 6.7, 2.9],
			"to": [13.5, 10.7, 3.9],
			"faces": {
				"north": {"uv": [4, 15, 8, 16], "rotation": 90, "texture": "#1"},
				"east": {"uv": [4, 15, 8, 16], "rotation": 90, "texture": "#1"},
				"south": {"uv": [4, 15, 8, 16], "rotation": 90, "texture": "#1"},
				"west": {"uv": [4, 15, 8, 16], "rotation": 90, "texture": "#1"},
				"up": {"uv": [4, 15, 5, 16], "rotation": 90, "texture": "#1"}
			}
		},
		{
			"from": [12.5, -1.3, 10.9],
			"to": [13.5, 2.7, 11.9],
			"faces": {
				"north": {"uv": [12, 15, 16, 16], "rotation": 90, "texture": "#1"},
				"east": {"uv": [12, 15, 16, 16], "rotation": 90, "texture": "#1"},
				"south": {"uv": [12, 15, 16, 16], "rotation": 90, "texture": "#1"},
				"west": {"uv": [12, 15, 16, 16], "rotation": 90, "texture": "#1"},
				"up": {"uv": [12, 15, 13, 16], "rotation": 90, "texture": "#1"}
			}
		},
		{
			"from": [12.5, 1.7, 6.9],
			"to": [13.5, 2.7, 10.9],
			"rotation": {"angle": 0, "axis": "y", "origin": [0, 16, -16]},
			"faces": {
				"north": {"uv": [12, 13, 13, 14], "texture": "#1"},
				"east": {"uv": [16, 13, 12, 14], "texture": "#1"},
				"west": {"uv": [12, 13, 16, 14], "texture": "#1"},
				"up": {"uv": [12, 13, 16, 14], "rotation": 90, "texture": "#1"},
				"down": {"uv": [12, 13, 16, 14], "texture": "#1"}
			}
		},
		{
			"from": [12.5, 2.7, 6.9],
			"to": [13.5, 6.7, 7.9],
			"faces": {
				"north": {"uv": [8, 15, 12, 16], "rotation": 90, "texture": "#1"},
				"east": {"uv": [8, 15, 12, 16], "rotation": 90, "texture": "#1"},
				"south": {"uv": [8, 15, 12, 16], "rotation": 90, "texture": "#1"},
				"west": {"uv": [8, 15, 12, 16], "rotation": 90, "texture": "#1"},
				"up": {"uv": [8, 15, 9, 16], "rotation": 90, "texture": "#1"}
			}
		},
		{
			"from": [12.5, 5.7, 2.9],
			"to": [13.5, 6.7, 6.9],
			"rotation": {"angle": 0, "axis": "y", "origin": [0, 16, -16]},
			"faces": {
				"north": {"uv": [8, 13, 9, 14], "texture": "#1"},
				"east": {"uv": [12, 13, 8, 14], "texture": "#1"},
				"west": {"uv": [8, 13, 12, 14], "texture": "#1"},
				"up": {"uv": [8, 13, 12, 14], "rotation": 90, "texture": "#1"},
				"down": {"uv": [8, 13, 12, 14], "texture": "#1"}
			}
		},
		{
			"from": [3, 1.6, 9],
			"to": [13, 2.6, 10],
			"rotation": {"angle": -22.5, "axis": "y", "origin": [8, 3, 9.5]},
			"faces": {
				"north": {"uv": [13, 13, 3, 14], "texture": "#1"},
				"east": {"uv": [12, 13, 13, 14], "texture": "#1"},
				"south": {"uv": [3, 13, 13, 14], "texture": "#1"},
				"west": {"uv": [3, 13, 4, 14], "texture": "#1"},
				"up": {"uv": [3, 13, 13, 14], "texture": "#1"},
				"down": {"uv": [3, 13, 13, 14], "texture": "#1"}
			}
		},
		{
			"from": [3, 5.6, 5],
			"to": [13, 6.6, 6],
			"rotation": {"angle": 22.5, "axis": "y", "origin": [8, 7, 5.5]},
			"faces": {
				"north": {"uv": [13, 15, 3, 16], "texture": "#1"},
				"east": {"uv": [12, 15, 13, 16], "texture": "#1"},
				"south": {"uv": [3, 15, 13, 16], "texture": "#1"},
				"west": {"uv": [3, 15, 4, 16], "texture": "#1"},
				"up": {"uv": [3, 15, 13, 16], "texture": "#1"},
				"down": {"uv": [3, 15, 13, 16], "texture": "#1"}
			}
		},
		{
			"from": [3, 9.6, 1],
			"to": [13, 10.6, 2],
			"rotation": {"angle": -22.5, "axis": "y", "origin": [8, 11, 1.5]},
			"faces": {
				"north": {"uv": [13, 13, 3, 14], "texture": "#1"},
				"east": {"uv": [12, 13, 13, 14], "texture": "#1"},
				"south": {"uv": [3, 13, 13, 14], "texture": "#1"},
				"west": {"uv": [3, 13, 4, 14], "texture": "#1"},
				"up": {"uv": [3, 13, 13, 14], "texture": "#1"},
				"down": {"uv": [3, 13, 13, 14], "texture": "#1"}
			}
		},
		{
			"from": [3, 13.6, -3],
			"to": [13, 14.6, -2],
			"rotation": {"angle": 22.5, "axis": "y", "origin": [8, 15, -2.5]},
			"faces": {
				"north": {"uv": [13, 15, 3, 16], "texture": "#1"},
				"east": {"uv": [12, 15, 13, 16], "texture": "#1"},
				"south": {"uv": [3, 15, 13, 16], "texture": "#1"},
				"west": {"uv": [3, 15, 4, 16], "texture": "#1"},
				"up": {"uv": [3, 15, 13, 16], "texture": "#1"},
				"down": {"uv": [3, 15, 13, 16], "texture": "#1"}
			}
		}
	],
	"groups": [
		0,
		1,
		2,
		3,
		4,
		5,
		6,
		7,
		8,
		9,
		10,
		11,
		12,
		13,
		14,
		15,
		16,
		17,
		{
			"name": "group",
			"origin": [0, 0, 0],
			"color": 0,
			"children": [18, 19, 20, 21, 22, 23, 24, 25]
		},
		{
			"name": "group",
			"origin": [0, 0, 0],
			"color": 0,
			"children": [26, 27, 28, 29, 30, 31, 32, 33]
		},
		34,
		35,
		36,
		37
	]
}